arr_δ,arr_l2u,arr_h1u,arr_l2p,arr_h1p,arr_δ_nostab,arr_l2u_nostab,arr_h1u_nostab,arr_l2p_nostab,arr_h1p_nostab
4.861359120657514e-5,0.00946779537532977,0.2993461608353963,0.06820480623274483,1.9166444949720585,4.861359120657514e-5,6.116315533939096,311.8757218442481,38912.7903251243,1319.0210877196296
9.722718241315028e-5,0.009478838792541805,0.2993849784787381,0.06821969286601709,1.9168868421534282,9.722718241315028e-5,8.885826238619014,456.11361309058134,5763.7455449434165,772.0352889518803
0.00014584077361972544,0.009487310712117933,0.29941724416848325,0.06823182493157601,1.9170565987511603,0.00014584077361972544,8.229243274522018,791.6114550152905,39446.21547850363,2246.3947249555154
0.00019445436482630056,0.009494444273391424,0.2994465307570886,0.06824256218056278,1.91718944571613,0.00019445436482630056,6.409701323185358,573.0002418267251,67208.10307960841,1366.9485086272834
0.00024306795603287572,0.009500716970207022,0.29947427272931854,0.06825241474555074,1.917298891888372,0.00024306795603287572,24.627240672463994,1390.7785374035916,20294.322852963618,2133.013218557344
0.00029168154723945087,0.00950637345088992,0.2995012627951826,0.06826163339866012,1.917391694004569,0.00029168154723945087,3807.679809817379,152568.34612470277,43578.07854243728,6684.184097329693
0.000340295138446026,0.009511558868679316,0.2995280355002032,0.0682703582658934,1.9174717566910857,0.000340295138446026,127.4545616776731,5251.706877013869,273424.22873499925,3847.911806229546
0.0003889087296526011,0.009516367692622823,0.29955501143444424,0.06827867234320674,1.9175415453206857,0.0003889087296526011,5.757002893927757,3892.9057375305874,398376.7915039003,5062.8125506937395
0.0004375223208591763,0.009520865504574138,0.29958256729503374,0.06828662467816449,1.917602707903332,0.0004375223208591763,1255.6060979408528,58327.70090451451,332226.14175827627,4161.769523738758
0.00048613591206575144,0.009525100090077081,0.2996110798090656,0.06829424137259824,1.9176563840976737,0.00048613591206575144,977.2321908982092,46717.60598900623,1.101945377348281e6,8840.375322132246
0.0005347495032723265,0.009529107646205126,0.2996409630518991,0.06830153068358817,1.9177033700453574,0.0005347495032723265,218.27806281634543,10594.654285564799,1.093805456301358e6,5477.707280260413
0.0005833630944789017,0.009532916538676649,0.29967271163792675,0.06830848442038895,1.9177442070120791,0.0005833630944789017,510.4884085981615,23748.400372051463,740143.2571997014,3442.0727057100466
0.0006319766856854768,0.009536549764279954,0.2997069510271514,0.06831507621097654,1.9177792234435524,0.0006319766856854768,297.41439499997944,12087.83008813686,725580.1542707236,3896.53594863516
0.000680590276892052,0.009540026802950269,0.2997445803185253,0.06832125412361026,1.9178085259977233,0.000680590276892052,44836.561623000875,1.666442063682508e6,4.1225682280097175e6,11314.867976446758
0.0007292038680986272,0.009543363248639738,0.2997611205396153,0.06832703078820002,1.9178337034901367,0.0007292038680986272,460.77167047344886,920212.8931700594,1.6939022099933103e8,88548.74863842355
0.0007778174593052023,0.009546638946935304,0.29980039860151597,0.0683308429740027,1.9178441516752294,0.0007778174593052023,445.31320003523615,22642.950764482604,2.939816559584033e6,7074.641619037532
0.0008264310505117775,0.009549738195123574,0.2998322740465657,0.06833522477129925,1.9178544053708557,0.0008264310505117775,48.74720758375973,2704.3932549226024,2.6032770653569076e7,4811.029672644349
0.0008750446417183526,0.009556214445057361,0.30038912774973014,0.06849067034665587,1.916300386685569,0.0008750446417183526,1.947802345004996e6,1.1293609835085447e8,5.5779417835071675e7,131094.98665597267
0.0009236582329249278,0.009559089495294054,0.2999232262371671,0.06848814124389609,1.9163030190776082,0.0009236582329249278,180481.5513916052,1.6212083614389056e8,4.804992112393204e9,644938.3007404199
0.0009722718241315029,0.009562057900290747,0.29996697923387905,0.06848795072496947,1.9163101926506287,0.0009722718241315029,2.2318828763919306e9,4.3453028863610913e11,4.591293435288024e12,1.124855054401238e8
0.001020885415338078,0.00957258421784926,0.29951982793010523,0.06795950081177604,1.9144903150175836,0.001020885415338078,0.005583012761668121,0.2948272429032718,10.853308933475914,5.989649117400327
0.001069499006544653,0.009575675027119136,0.29952743789636843,0.06796407452041595,1.9144889995601102,0.001069499006544653,0.005574419288121981,0.27379130062540286,0.812415016816116,2.0398080160742045
0.0011181125977512284,0.00957870276645818,0.2995347681326626,0.06796854354887315,1.9144842097802228,0.0011181125977512284,0.005574037687843895,0.27379371827566223,0.837017268245738,2.040915684195082
0.0011667261889578035,0.009581673818289518,0.29954183813720076,0.06797290288660715,1.9144757358445406,0.0011667261889578035,0.005573687482242309,0.27380604313008317,0.8618702615376174,2.0428155518244386
0.0012153397801643786,0.009584594527611309,0.29954867303070415,0.06797714518398094,1.914463294052512,0.0012153397801643786,0.005572497553329297,0.2800607531595561,8.110939098176601,4.640093227035804
0.0012639533713709537,0.00958747128690203,0.29955530740617936,0.06798126066080795,1.9144465231480308,0.0012639533713709537,0.005573095676094607,0.2738655238737086,0.9119971451799144,2.0495915711123547
0.0013125669625775288,0.009590310567654626,0.29956179057293164,0.06798523718695552,1.914424986396319,0.0013125669625775288,0.005597174962043444,0.37087805196755635,18.243736535883038,9.56552483647605
0.001361180553784104,0.009593118871501348,0.29956819328385775,0.06798906067532258,1.914398183927603,0.001361180553784104,0.005591592553644338,0.37173428903626354,18.55678563148481,9.63296346091766
0.0014097941449906792,0.00959590257483161,0.29957461554876175,0.06799271592149646,1.9143655794938765,0.0014097941449906792,0.005571719299620043,0.2736703670287784,0.8861082067045309,2.041035400677092
0.0014584077361972543,0.009598667665889944,0.2995811943700202,0.06799618791520073,1.9143266419946616,0.0014584077361972543,0.005610726899227211,0.48345173318683266,22.820854189906917,11.672139627905349
0.0015070213274038296,0.009601419437869772,0.2995881095688404,0.06799946336431688,1.9142808929129862,0.0015070213274038296,0.005628610769037832,0.5740547098160902,25.744142146850404,13.080252638024524
0.0015556349186104045,0.009604162305372203,0.2995955863284047,0.06800253170512198,1.9142279369500144,0.0015556349186104045,0.010163150214576203,6.513670437532528,111.35693606490524,55.77796070832308
0.0016042485098169798,0.009606900015482832,0.29960389604162746,0.06800538435764551,1.914167441109972,0.0016042485098169798,0.005680507454238652,0.8007054632976245,31.700572704316166,15.930673470362716
0.001652862101023555,0.009609636547419802,0.29961336290494667,0.0680080107406204,1.9140990279210595,0.001652862101023555,0.00573436679191953,0.9940451224791794,35.9407512800843,17.966660510439564
0.0017014756922301302,0.00961237782481135,0.2996243905217854,0.0680103904452079,1.9140220693077286,0.0017014756922301302,0.005991059052330603,1.6606197458092649,48.41979958933943,24.05245910877663
0.0017500892834367051,0.00961513387291772,0.29963752734084936,0.06801248467090544,1.9139354086859717,0.0017500892834367051,0.005980300982443558,1.6117702228524977,49.6013446772457,24.550563626078223
0.0017987028746432802,0.00961792064372107,0.29965358906829137,0.06801423145171588,1.9138370706327332,0.0017987028746432802,0.005574408396024481,0.3051437196977594,10.358346386975143,5.486030784396213
0.0018473164658498555,0.009620761367327414,0.29967384551321347,0.06801553761497217,1.9137240066755388,0.0018473164658498555,0.005570929163221902,0.27480707888906936,0.742317957263861,2.0831035745727395
0.0018959300570564304,0.009623687013899668,0.29970025127627353,0.06801626968219435,1.9135920293780022,0.0018959300570564304,0.005569676580487157,0.27483359380384864,1.1026945885542703,2.095928783279476
0.0019445436482630057,0.009626733873483787,0.29973564743560016,0.06801627241559581,1.9134362097513335,0.0019445436482630057,0.005569114007800123,0.27465605799899234,1.1094776515237517,2.083060420793483
0.001993157239469581,0.009629938235360612,0.2997838401709563,0.06801540231984024,1.9132515612087317,0.001993157239469581,0.00557007659574405,0.29630926731635665,8.638672264141558,4.639794251599921
0.002041770830676156,0.009633333714443616,0.29984963795398084,0.06801353077438839,1.913033137279106,0.002041770830676156,0.00556885599644403,0.2739525879723508,0.6904878319029635,2.0289728689252855
0.0020903844218827313,0.00963695925952947,0.299939314785075,0.06801049722608092,1.9127745871592001,0.0020903844218827313,0.005568526668303921,0.2739047520769497,0.6809320621320809,2.0240146649975586
0.002138998013089306,0.009640880860485743,0.3000622490148047,0.06800600999549798,1.9124647370531234,0.002138998013089306,0.005568216477964709,0.2738731039944507,0.6724024230375233,2.0201652343588448
0.0021876116042958815,0.009645229639736656,0.3002349136484847,0.0679994741847019,1.9120812693934968,0.0021876116042958815,0.005567921177294688,0.2738526668217866,0.6648545986421464,2.0171449355967557
0.0022362251955024568,0.00965028656464862,0.30049125552325406,0.06798959085063383,1.9115755151443652,0.0022362251955024568,0.005567637365073166,0.2738401796546606,0.658236803373868,2.0147408255208177
0.0022848387867090317,0.009656795177350387,0.3009217234626488,0.06797283328203838,1.9108142163997608,0.0022848387867090317,0.005708152099441958,1.0210399065263245,32.86652013092393,15.781213448572668
0.002333452377915607,0.009669722313020147,0.302143441960435,0.06792475931707481,1.9088612399185179,0.002333452377915607,0.005566109094527226,0.2748937311114068,1.057670407670523,2.0444589603971735
0.002382065969122182,0.009674641550513754,0.30224731381710035,0.06794139224363376,1.9090960737612455,0.002382065969122182,0.005565541131853601,0.2844191811893361,7.806900858053011,4.203732464217122
0.002430679560328757,0.009672835345711223,0.30199974427830767,0.06797625946608286,1.9104881601287182,0.002430679560328757,0.0055665710848787275,0.27383268572673397,0.6399803195589931,2.0086425331653905
0.002479293151535332,0.00962020862937922,0.3033669965409897,0.06835765476858312,1.9239133360232867,0.002479293151535332,0.005566315924542374,0.2738363903908482,0.6372515444195277,2.0076345341842923
0.0025279067427419074,0.00966910058636257,0.30101869775458634,0.06803916917215143,1.912337543676027,0.0025279067427419074,0.005566064445232181,0.2738412804507936,0.6351928780249163,2.006758330533605
0.0025765203339484827,0.009665564392046038,0.3006286176812975,0.0680631788698928,1.9131629204020528,0.0025765203339484827,0.005565816523142344,0.27384709032265964,0.6337802408270159,2.0059944817487283
0.0026251339251550576,0.009628427176212762,0.30214683062711467,0.06830340194942829,1.9212706049203452,0.0026251339251550576,0.0055655720785008165,0.2738536286344964,0.6329920163707999,2.005328499216475
0.002673747516361633,0.009631082190894298,0.3018430164697027,0.0682899096628287,1.9205743832196096,0.002673747516361633,0.005565331039654801,0.2738607541763367,0.6328082083590743,2.004749287027164
0.002722361107568208,0.00963367998004075,0.30158017414728805,0.06827837561306262,1.9199562624284787,0.002722361107568208,0.005565093325374542,0.27386835959216105,0.6332098561850017,2.004248170174743
0.002770974698774783,0.009636214005083991,0.3013533520840896,0.06826861960204093,1.9194085274453674,0.002770974698774783,0.005564858837729182,0.27387636018493294,0.6341786255539904,2.0038182803316107
0.0028195882899813584,0.00963867936741935,0.3011581463024203,0.06826047007897669,1.9189238311944075,0.0028195882899813584,0.005564627460626453,0.273884686113216,0.6356965336174399,2.0034541516355313
0.0028682018811879333,0.009641072848952633,0.3009905751680009,0.06825376284390686,1.9184951820333584,0.0028682018811879333,0.005564399060867223,0.2738932768594145,0.6377457493701386,2.0031514460707593
0.0029168154723945086,0.009643392880639914,0.300847017751021,0.0682483414372435,1.9181159852252756,0.0029168154723945086,0.005564173490051044,0.27390207723146975,0.6403084539556868,2.0029067556872957
0.002965429063601084,0.009645639408542964,0.3007241923994962,0.06824405849472075,1.9177801079525931,0.002965429063601084,0.005563950586350366,0.27391103441559195,0.6433667427781115,2.0027174530855385
0.0030140426548076592,0.009647813667486306,0.3006191538207919,0.06824077735636083,1.9174819411466286,0.0030140426548076592,0.005563730175725123,0.2739200957592007,0.6469025421679149,2.0025815782983147
0.0030626562460142337,0.00964991789882367,0.30052929251554694,0.06823837338520751,1.9172164403134728,0.0030626562460142337,0.005563512072485041,0.27392920707102664,0.6508975551167979,2.0024977465214975
0.003111269837220809,0.00965195505597185,0.30045232754638324,0.06823673469998574,1.9169791380466727,0.003111269837220809,0.005563296079209407,0.2739383113002639,0.655333223204284,2.0024650729799554
0.0031598834284273843,0.009653928533479685,0.30038628986686794,0.06823576225766735,1.91676612949068,0.0031598834284273843,0.005563081986116541,0.27394734750549865,0.660190685205397,2.0024831168335906
0.0032084970196339596,0.009655841941092968,0.30032949745688753,0.06823536937843995,1.916574036978645,0.0032084970196339596,0.005562869570104727,0.27395625005894797,0.6654507713597457,2.002551828498818
0.003257110610840535,0.009657698930362177,0.300280525269433,0.06823548087522822,1.9163999616084804,0.003257110610840535,0.005562658593550205,0.2739649480582759,0.6710939875521644,2.002671512360911
0.00330572420204711,0.00965950307153802,0.30023817316459994,0.0682360319564213,1.9162414288277316,0.00330572420204711,0.0055624488030767295,0.2739733649369212,0.6771005077218477,2.0028427979233703
0.003354337793253685,0.009661257773201424,0.3002014343721156,0.0682369670414744,1.916096333388917,0.003354337793253685,0.00556223992853648,0.27398141827431693,0.6834501962337834,2.003066609539396
0.0034029513844602605,0.009662966235269141,0.300169466159994,0.06823823858878288,1.9159628871817393,0.0034029513844602605,0.005562031682259292,0.27398901982504736,0.6901226107413149,2.003344150723943
0.003451564975666835,0.009664631426427591,0.3001415636080047,0.06823980599787356,1.9158395718908643,0.003451564975666835,0.005561823758870286,0.2739960757862129,0.6970970293125294,2.003676886098687
0.0035001785668734102,0.009666256078392688,0.300117136804823,0.0682416346181258,1.9157250972909072,0.0035001785668734102,0.005561615835822994,0.2740024873316645,0.7043524791820466,2.0040665284557413
0.003548792158079985,0.009667842691076494,0.3000956914130041,0.06824369487572005,1.915618365256873,0.003548792158079985,0.005561407574810447,0.27400815144348234,0.7118677740937877,2.0045150258212336
0.0035974057492865604,0.00966939354429164,0.30007681233525435,0.0682459615178611,1.9155184391473514,0.0035974057492865604,0.005561198624264562,0.2740129620677748,0.7196215539997198,2.0050245510175113
0.0036460193404931358,0.009670910712916831,0.3000601501188227,0.06824841296566246,1.9154245180053773,0.0036460193404931358,0.005560988623052605,0.2740168116192001,0.7275923208197413,2.0055974934163667
0.003694632931699711,0.00967239608345684,0.30004540971117266,0.06825103076434594,1.9153359149559306,0.003694632931699711,0.005560777205597192,0.27401959284707433,0.7357585110541391,2.0062364380904367
0.0037432465229062864,0.009673851370653491,0.3000323411965322,0.0682537991178127,1.9152520391821486,0.0037432465229062864,0.005560564008275065,0.27402120106702677,0.7440985158496933,2.0069441623119055
0.003791860114112861,0.009675278133334875,0.30002073218006614,0.06825670449554755,1.9151723809164096,0.003791860114112861,0.005560348677383373,0.27402153673427665,0.7525907621069801,2.0077236078888965
0.003840473705319436,0.009676677789067986,0.30001040153054714,0.068259735300708,1.915096498945478,0.003840473705319436,0.005560130878309761,0.2740205083228946,0.7612137592504913,2.008577862354814
0.0038890872965260115,0.009678051627382821,0.3000011942370294,0.06826288158949301,1.9150240102015437,0.0038890872965260115,0.005559910305844557,0.2740180354376541,0.7699461524691575,2.0095101332242775
0.003937700887732587,0.009679400821544597,0.2999929771760145,0.06826613483329244,1.9149545810762376,0.003937700887732587,0.005559686695280823,0.2740140520618255,0.778766783360126,2.0105237141469297
0.003986314478939162,0.009680726438904821,0.299985635621639,0.06826948771595528,1.9148879201523865,0.003986314478939162,0.005559459833780279,0.27400850981068364,0.7876547421043167,2.0116219481645694
0.004034928070145737,0.009682029449949638,0.29997907036212484,0.06827293395927031,1.9148237720994796,0.004034928070145737,0.0055592295714722035,0.2740013810344415,0.7965894258149668,2.0128081820373684
0.004083541661352312,0.00968331073616207,0.2999731953112804,0.06827646816972571,1.9147619125146564,0.004083541661352312,0.005558995831504672,0.27399266159214475,0.8055505894772998,2.0140857171625504
0.004132155252558887,0.009684571096828853,0.2999679355248678,0.06828008569946076,1.9147021435245235,0.004132155252558887,0.005558758618301979,0.2739823731086379,0.814518385512697,2.0154577588032456
0.0041807688437654625,0.009685811254905577,0.29996322554897853,0.06828378251350098,1.9146442899828955,0.0041807688437654625,0.005558518023254881,0.27397056452288077,0.8234734209133701,2.0169273534024303
0.004229382434972038,0.009687031862011175,0.2999590080413614,0.06828755505439785,1.9145881961171258,0.004229382434972038,0.0055582742271074416,0.27395731276292656,0.8323967921587117,2.018497330711972
0.004277996026178612,0.009688233502611525,0.2999552326180002,0.0682914000953262,1.914533722491461,0.004277996026178612,0.005558027498542199,0.2739427224111464,0.8412701141546108,2.0201702462318605
0.004326609617385188,0.009689416697423313,0.29995185488616866,0.06829531457385107,1.914480743176017,0.004326609617385188,0.005557778188888618,0.2739269242795208,0.8500755645704755,2.0219483167489223
0.004375223208591763,0.009690581906094488,0.29994883563238345,0.06829929540371714,1.9144291430501803,0.004375223208591763,0.005557526723157872,0.27391007288214186,0.858795904066763,2.0238333674331193
0.004423836799798338,0.009691729529305528,0.29994614013918713,0.06830333927201161,1.914378815231965,0.004423836799798338,0.005557273588267381,0.27389234286563013,0.8674144903940675,2.0258267844965183
0.0044724503910049136,0.009692859910596022,0.29994373760893006,0.06830744244474761,1.9143296587240326,0.0044724503910049136,0.0055570193197660555,0.27387392453161835,0.8759152982839409,2.0279294713222145
0.004521063982211488,0.00969397333843637,0.2999416006756863,0.06831160062108621,1.9142815764726524,0.004521063982211488,0.005556764488419445,0.27385501864806727,0.8842829193062645,2.030141819268862
0.004569677573418063,0.00969507004923072,0.29993970498886874,0.06831580888786774,1.914234474125528,0.004569677573418063,0.005556509687788522,0.2738358307825968,0.8925025784199035,2.0324636792409714
0.004618291164624639,0.009696150231972414,0.2999380288536155,0.06832006182219157,1.9141882597935231,0.004618291164624639,0.005556255523071689,0.2738165654048105,0.9005601249384575,2.0348943521083576
0.004666904755831214,0.009697214035002887,0.2999365529138677,0.06832435377195756,1.9141428450933358,0.004666904755831214,0.005556002600659207,0.27379741998610746,0.9084420329717018,2.037432581449903
0.004715518347037789,0.009698261574751621,0.29993525986442926,0.06832867933169047,1.9140981477851085,0.004715518347037789,0.005555751517290907,0.27377857930185795,0.9161354020974104,2.0400765482788366
0.004764131938244364,0.00969929294515936,0.299934134178791,0.0683330340474437,1.9140540965108852,0.004764131938244364,0.005555502847058499,0.27376021016313973,0.9236279311312894,2.0428238769320433
0.004812745529450939,0.009700308224603604,0.2999331618476512,0.06833741540154704,1.914010638152421,0.004812745529450939,0.005555257121994746,0.27374245694609384,0.9309077949900552,2.0456716918191797
0.004861359120657514,0.009701307476733558,0.29993233014266224,0.06834182394025683,1.9139677465226925,0.004861359120657514,0.005555014795094626,0.2737254387005866,0.9379633458588811,2.0486168035399857
0.00490997271186409,0.009702290752463446,0.29993162742666407,0.06834626369513302,1.9139254253410327,0.00490997271186409,0.00555477616690777,0.27370924909531685,0.9447823094471803,2.0516562640545057
0.004958586303070664,0.009703258129432348,0.29993104294827405,0.06835074035042138,1.913883693689852,0.004958586303070664,0.005554541272624109,0.2736939597235107,0.9513504815678553,2.0547883436469987
0.0050071998942772394,0.00970420982865444,0.2999305664193913,0.06835525735038019,1.9138425569527107,0.0050071998942772394,0.005554309786899358,0.27367962420929415,0.9576503989293073,2.058013557659836
0.005055813485483815,0.009705146356120532,0.29993018728784665,0.06835981402686943,1.9138019955590255,0.005055813485483815,0.005554081057267864,0.2736662783735656,0.9636614964841995,2.061334743922023
0.00510442707669039,0.009706068522409817,0.29992989415294924,0.06836440843617167,1.913761989438163,0.00510442707669039,0.005553854326622031,0.2736539353999067,0.9693632939685684,2.064755424875541
0.005153040667896965,0.009706977268287672,0.2999296752533018,0.06836904079102026,1.9137225412565972,0.005153040667896965,0.00555362905509841,0.2736425804546572,0.9747407081045023,2.0682770922949807
0.005201654259103541,0.009707873393927535,0.29992952028925823,0.06837371299830552,1.913683662665623,0.005201654259103541,0.005553405105714404,0.27363217013023816,0.9797874306705568,2.07189743270235
0.005250267850310115,0.009708757384577162,0.2999294220495164,0.06837842606434454,1.9136453453456042,0.005250267850310115,0.005553182627323053,0.27362263843366214,0.9845037573258661,2.075611248648223
0.0052988814415166905,0.009709629452268916,0.2999293762030997,0.06838317891098146,1.9136075536645631,0.0052988814415166905,0.005552961773689488,0.2736139057427508,0.988891230741523,2.0794130561546824
0.005347495032723266,0.009710489700700375,0.2999293798257099,0.06838796892815717,1.9135702382054824,0.005347495032723266,0.005552742513602439,0.2736058860170906,0.9929488647515738,2.0832990641493114
0.005396108623929841,0.009711338243870615,0.29992943020411195,0.06839279299943808,1.9135333503485237,0.005396108623929841,0.005552524603108267,0.27359849099421074,0.9966723089169642,2.087267753955035
0.005444722215136416,0.009712175233397739,0.29992952441790754,0.0683976482431052,1.9134968490956934,0.005444722215136416,0.005552307643857042,0.2735916325769161,1.0000546325569206,2.091319608084799
0.005493335806342991,0.009713000841172263,0.2999296593634335,0.06840253233093296,1.9134607019995726,0.005493335806342991,0.005552091153191192,0.2735852246032838,1.0030872390430212,2.0954567265675093
0.005541949397549566,0.009713815237288558,0.2999298318828275,0.06840744351967071,1.913424883741345,0.005541949397549566,0.005551874617870614,0.2735791844201868,1.0057606451860428,2.0996824650066106
0.005590562988756142,0.009714618575759422,0.299930038868577,0.06841238055738726,1.913389374326989,0.005590562988756142,0.0055516575289500806,0.2735734343095485,1.0080647838586778,2.104001295952751
0.005639176579962717,0.009715410987963514,0.299930277325255,0.06841734256358942,1.913354157581895,0.005639176579962717,0.005551439403356508,0.2735679026689941,1.00998922045476,2.1084186943589307
0.005687790171169291,0.009716192581401491,0.2999305444002369,0.06842232892383848,1.9133192200495426,0.005687790171169291,0.005551219796885174,0.2735625249036967,1.011523194381226,2.1129411009351915
0.005736403762375867,0.00971696344190309,0.2999308373965569,0.0684273392093212,1.9132845502273177,0.005736403762375867,0.005550998311947209,0.27355724400572673,1.0126555937708315,2.1175759153635836
0.005785017353582442,0.009717723638135898,0.2999311537767078,0.06843237311976098,1.9132501380471274,0.005785017353582442,0.005550774601759229,0.2735520108364108,1.013374928805442,2.1223314829525877
0.005833630944789017,0.009718473227578366,0.29993149116231066,0.06843743044485416,1.9132159745244806,0.005833630944789017,0.0055505483719594005,0.27354678414367517,1.0136692682177586,2.1272170990022055
0.005882244535995592,0.009719212263190474,0.29993184733194245,0.0684425110393297,1.9131820515225748,0.005882244535995592,0.005550319380143669,0.2735415303577593,1.0135261565128226,2.132243023401998
0.005930858127202168,0.009719940800011428,0.29993222021796145,0.068447614807423,1.9131483615935254,0.005930858127202168,0.005550087433707577,0.2735362232055604,1.0129325879317994,2.137420461527631
0.005979471718408742,0.00972065890094446,0.2999326079023291,0.06845274169355278,1.913114897871437,0.005979471718408742,0.005549852386277429,0.27353084319787924,1.0118749072580346,2.14276159043351
0.0060280853096153185,0.009721366641139609,0.2999330086111086,0.06845789167676308,1.9130816539992812,0.0060280853096153185,0.005549614133197485,0.2735253770229288,1.010338740846052,2.1482795681918563
0.006076698900821893,0.009722064110663705,0.2999334207076068,0.0684630647670922,1.9130486240770084,0.006076698900821893,0.0055493726064457325,0.27351981688441573,1.0083089443498479,2.153988536145754
0.006125312492028467,0.009722751415400445,0.29993384268398715,0.06846826100282348,1.9130158026223212,0.006125312492028467,0.005549127769353625,0.2735141598191031,1.0057695253375996,2.1599036388987325
0.006173926083235044,0.009723428676418752,0.2999342731517741,0.0684734804479602,1.912983184538874,0.006173926083235044,0.0055488796115447,0.27350840701723633,1.0027035606478332,2.16604105239354
0.006222539674441618,0.009724096028193555,0.2999347108316492,0.06847872318954538,1.9129507650878188,0.006222539674441618,0.005548628144260407,0.2735025631621732,0.9990931380018243,2.1724179983898493
0.006271153265648194,0.009724753616132956,0.29993515454300507,0.0684839893349267,1.9129185398616135,0.006271153265648194,0.005548373396213144,0.27349663581438044,0.9949192563383144,2.179052792163026
0.006319766856854769,0.009725401593831565,0.2999356031937804,0.06848927900892815,1.912886504758671,0.006319766856854769,0.005548115410063342,0.2734906348396564,0.9901617469996511,2.185964879513686
0.006368380448061343,0.009726040120381101,0.29993605577085675,0.06849459235112823,1.9128546559599802,0.006368380448061343,0.005547854239482127,0.2734845718895398,0.984799218833397,2.193174863615732
0.006416994039267919,0.009726669357959216,0.2999365113313092,0.0684999295132619,1.9128229899059026,0.006416994039267919,0.005547589946601184,0.2734784599510458,0.9788089102307466,2.200704598928128
0.006465607630474494,0.009727289469811985,0.29993696899455824,0.06850529065693586,1.9127915032757237,0.006465607630474494,0.005547322600100686,0.27347231293825663,0.9721666734663814,2.208577199271498
0.00651422122168107,0.009727900618656216,0.29993742793539296,0.06851067595142799,1.9127601929667857,0.00651422122168107,0.005547052273396456,0.2734661453618289,0.9648468019404639,2.21681716058134
0.006562834812887644,0.009728502965497796,0.299937887377912,0.06851608557187584,1.9127290560769132,0.006562834812887644,0.0055467790433074,0.2734599720355693,0.9568219851856284,2.225450397988186
0.00661144840409422,0.009729096668799802,0.29993834659019103,0.06852151969754726,1.9126980898869352,0.00661144840409422,0.005546502988883978,0.27345380784339535,0.9480631733237096,2.2345043519612955
0.006660061995300795,0.009729681883942758,0.29993880487957697,0.06852697851029806,1.9126672918449827,0.006660061995300795,0.0055462241904375474,0.27344766755018146,0.9385394907992177,2.2440080620051606
0.00670867558650737,0.009730258762915752,0.29993926158857553,0.06853246219311085,1.9126366595516602,0.00670867558650737,0.00554594272871818,0.2734415656571852,0.9282180883855715,2.2539922929824967
0.006757289177713946,0.009730827454175315,0.299939716091123,0.06853797092870043,1.9126061907461545,0.006757289177713946,0.0055456586842870135,0.27343551628514423,0.9170640729720088,2.2644896016933656
0.006805902768920521,0.009731388102634287,0.29994016778928567,0.06854350489814506,1.912575883293316,0.006805902768920521,0.005545372136944059,0.27342953310361073,0.9050403297784024,2.275534491749976
0.006854516360127094,0.009731940849728947,0.29994061611018435,0.06854906427956822,1.912545735171591,0.006854516360127094,0.005545083165340612,0.27342362927677233,0.89210740756926,2.2871635224888984
0.00690312995133367,0.009732485833554546,0.29994106050324165,0.06855464924676692,1.9125157444616407,0.00690312995133367,0.005544791846598921,0.2734178174377823,0.8782233692140371,2.299415445812222
0.006951743542540244,0.009733023189024075,0.2999415004375392,0.06856025996788137,1.9124859093356499,0.006951743542540244,0.005544498256153519,0.2734121096763281,0.8633436785586122,2.3123313163951513
0.0070003571337468205,0.009733553048062997,0.29994193539941766,0.06856589660403012,1.9124562280473827,0.0070003571337468205,0.005544202467489923,0.2734065175592418,0.8474209320250029,2.3259547275052896
0.007048970724953395,0.009734075539802654,0.29994236489017273,0.06857155930798471,1.9124266989230816,0.007048970724953395,0.005543904552159728,0.2734010521360906,0.8304048391541594,2.3403318491738045
0.00709758431615997,0.009734590790782503,0.29994278842391203,0.06857724822280167,1.9123973203525753,0.00709758431615997,0.0055436045796552,0.27339572398523165,0.812241906897482,2.3555117009401667
0.007146197907366546,0.00973509892514602,0.29994320552550097,0.06858296348053544,1.9123680907815088,0.007146197907366546,0.005543302617471584,0.27339054325310097,0.792875266578749,2.371546316656186
0.007194811498573121,0.0097356000648416,0.2999436157286874,0.06858870520098188,1.9123390087043013,0.007194811498573121,0.005542998731201394,0.27338551968881525,0.7722445628313331,2.3884908513063117
0.007243425089779696,0.00973609432979646,0.29994401857429764,0.06859447349046455,1.9123100726574898,0.007243425089779696,0.00554269298458967,0.2733806627125067,0.7502855571465866,2.4064039278052274
0.0072920386809862715,0.009736581838096316,0.29994441360858315,0.0686002684407395,1.9122812812138188,0.0072920386809862715,0.005542385439703849,0.2733759814606463,0.7269300107700666,2.425347750469712
0.007340652272192846,0.009737062706144625,0.2999448003817485,0.06860609012799947,1.9122526329774552,0.007340652272192846,0.0055420761570919375,0.27337148483583734,0.702105412688971,2.4453883468082553
0.007389265863399422,0.009737537048803039,0.2999451784465526,0.06861193861202665,1.9122241265793372,0.007389265863399422,0.005541765196004894,0.27336718157679807,0.6757346385122837,2.4665958727950814
0.007437879454605997,0.009738004979522522,0.29994554735717543,0.0686178139355337,1.912195760673893,0.007437879454605997,0.005541452614612837,0.27336308030523077,0.6477357167028079,2.4890448338646816
0.007486493045812573,0.009738466610451357,0.2999459066682009,0.06862371612370163,1.9121675339365298,0.007486493045812573,0.005541138470258398,0.2733591895803057,0.6180215009239307,2.5128143971337455
0.007535106637019147,0.00973892205251886,0.29994625593385726,0.0686296451839581,1.9121394450611255,0.007535106637019147,0.005540822819737097,0.27335551795022395,0.586499452809858,2.5379886278414125
0.007583720228225722,0.009739371415496538,0.2999465947074526,0.06863560110608488,1.9121114927597187,0.007583720228225722,0.005540505719570524,0.27335207401541906,0.5530712002774137,2.564656971402889
0.007632333819432298,0.00973981480802458,0.29994692254107386,0.06864158386261818,1.9120836757618314,0.007632333819432298,0.005540187226424638,0.27334886646050083,0.5176324955220273,2.592914458726117
0.007680947410638872,0.009740252337604319,0.29994723898558434,0.06864759340968543,1.9120559928151644,0.007680947410638872,0.005539867397375678,0.2733459041208371,0.4800730109973842,2.6228622073127816
0.0077295610018454485,0.009740684110544694,0.299947543590948,0.0686536296883225,1.9120284426873286,0.0077295610018454485,0.005539546290369242,0.27334319602153073,0.4402766280866892,2.6546077747352186
0.007778174593052023,0.009741110231853494,0.2999478359069273,0.0686596926263411,1.9120010241672858,0.007778174593052023,0.005539223964601562,0.2733407514591785,0.39812212570493427,2.68826574250651
0.007826788184258597,0.009741530805058103,0.2999481154842659,0.06866578214099353,1.9119737360692786,0.007826788184258597,0.005538900480973004,0.27333858005919853,0.35348545754130156,2.7239581411307383
0.007875401775465174,0.009741945931939626,0.2999483818763675,0.06867189814239097,1.9119465772354847,0.007875401775465174,0.005538575902578871,0.2733366919035569,0.3062450120111527,2.761815134337715
0.007924015366671748,0.009742355712167456,0.299948634641706,0.06867804053807683,1.9119195465404264,0.007924015366671748,0.005538250295013758,0.2733350976762175,0.2562954934184739,2.801975639852682
0.007972628957878324,0.009742760242799022,0.2999488733469323,0.06868420923883774,1.9118926428959704,0.007972628957878324,0.005537923726806369,0.27333380890066195,0.20358774905809204,2.844588163521655
0.008021242549084899,0.009743159617641797,0.29994909757091104,0.06869040416592005,1.9118658652554843,0.008021242549084899,0.005537596269388519,0.2733328382679906,0.14827002059331354,2.889811602864088
0.008069856140291473,0.00974355392646511,0.29994930690974747,0.06869662525992219,1.9118392126200643,0.008069856140291473,0.005537267997162152,0.27333220010757203,0.09140660184479149,2.9378163886588613
0.00811846973149805,0.009743943254053752,0.29994950098266,0.06870287249110085,1.9118126840429108,0.00811846973149805,0.005536938986722543,0.27333191101356724,0.042275346032270456,2.988785623664041
0.008167083322704624,0.009744327679176126,0.299949679438703,0.0687091458709701,1.911786278635279,0.008167083322704624,0.005536609315860942,0.27333199061583313,0.06081358714936717,3.0429165491008607
0.0082156969139112,0.00974470727353375,0.29994984196371405,0.06871544546418203,1.9117599955702114,0.0082156969139112,0.005536279061692564,0.27333246247837717,0.1254201443200212,3.100422303170033
0.008264310505117774,0.009745082100862822,0.2999499882867269,0.06872177139940117,1.9117338340862369,0.008264310505117774,0.00553594829843822,0.2733333549748973,0.19946222766035263,3.161533991488665
0.008312924096324349,0.009745452216425471,0.29995011818468814,0.06872812387702633,1.911707793488383,0.008312924096324349,0.0055356170947704645,0.27333470200097715,0.27940919582270374,3.2265031999289286
0.008361537687530925,0.009745817667162596,0.29995023148388705,0.06873450317108555,1.9116818731463747,0.008361537687530925,0.005535285511422634,0.27333654335571894,0.3648914301474867,3.295605293544969
0.0084101512787375,0.009746178492814927,0.2999503280567588,0.06874090962282875,1.9116560724887506,0.0084101512787375,0.0055349535994883995,0.27333892460245957,0.45606531150800145,3.369143304296714
0.008458764869944076,0.009746534728195495,0.29995040781298404,0.06874734362411727,1.9116303909917776,0.008458764869944076,0.005534621399956899,0.273341896484643,0.5532595313447705,3.4474530672116077
0.00850737846115065,0.009746886406627927,0.29995047068511527,0.06875380559073238,1.9116048281625915,0.00850737846115065,0.005536395140959037,0.2783126005758227,4.99981526387973,8.515478312166847
0.008555992052357225,0.009747233564273424,0.299950516610205,0.06876029592821162,1.9115793835164137,0.008555992052357225,0.005534148422011174,0.2739042607187419,2.68663698302017,5.720717460646415
0.0086046056435638,0.009747576244813354,0.2999505455105254,0.06876681499521901,1.911554056549213,0.0086046056435638,0.0055357583023276655,0.2783044761329831,5.291075741035922,8.692260206877517
0.008653219234770375,0.00974791450379255,0.2999505572768749,0.06877336307077576,1.9115288467079592,0.008653219234770375,0.005535443867305848,0.27831630270191354,5.446912584388991,8.787263339086342
0.008701832825976951,0.00974824841193372,0.29995055175762814,0.06877994033107865,1.9115037533615842,0.008701832825976951,0.00553513230322012,0.27834043673716297,5.610139651169755,8.887062538907234
0.008750446417183526,0.009748578056962009,0.29995052875516814,0.0687865468393213,1.9114787757766345,0.008750446417183526,0.005532623657317405,0.2733754593653684,1.2924615700154927,4.042671858601477
0.0087990600083901,0.009748903543694966,0.29995048802927454,0.06879318254896087,1.91145391310267,0.0087990600083901,0.0055322902237427765,0.2733843345888242,1.4487998924241128,4.168707508770351
0.008847673599596676,0.009749224992463515,0.2999504293056885,0.0687998473181878,1.9114291643718635,0.008847673599596676,0.005531956839746602,0.27339440680209587,1.6176715743516838,4.305002016399446
0.008896287190803251,0.009749542536059808,0.29995035228715805,0.06880654093199276,1.9114045285167682,0.008896287190803251,0.005531623715761199,0.2734058432797444,1.8009562847575742,4.45319185202622
0.008944900782009827,0.009749856315544462,0.2999502566644708,0.06881326312801757,1.911380004407681,0.008944900782009827,0.0055312912694767905,0.2734188945325437,2.00123404089158,4.615571515389895
0.008993514373216402,0.009750166475353803,0.29995014212582394,0.06882001362302685,1.9113555909091988,0.008993514373216402,0.005530960348261128,0.2734339738574526,2.222323400439156,4.79561864265421
0.009042127964422976,0.009750473158235932,0.2999500083637954,0.06882679213769836,1.9113312869507588,0.009042127964422976,0.005530632650642395,0.273451854442701,2.4705777698926052,4.999260946132547
0.009090741555629552,0.009750776500596053,0.2999498550798966,0.06883359841835761,1.911307091605395,0.009090741555629552,0.005530311501165708,0.27347429416357094,2.758945618704122,5.238851332485413
0.009139355146836127,0.009751076628795633,0.2999496819873557,0.06884043225510378,1.9112830041707554,0.009139355146836127,0.005530005001136646,0.27350754835992974,3.1294214725699687,5.555337915677743
0.009187968738042703,0.009751373656740467,0.29994948881262895,0.0688472934966504,1.9112590242492415,0.009187968738042703,0.005529745631624993,0.2735612771262325,3.5977549949300127,5.962940000845408
0.009236582329249277,0.009751667684823807,0.2999492752962018,0.06885418206318228,1.9112351518322785,0.009236582329249277,0.005529435843608182,0.27357945146781454,3.80634448747378,6.105569948512059
0.009285195920455852,0.009751958799984261,0.2999490411928168,0.06886109795915926,1.911211387396997,0.009285195920455852,0.005529114282108047,0.2736001903530625,4.034398400145994,6.260750916913483
0.009333809511662428,0.00975224707639078,0.29994878627086374,0.06886804128852161,1.9111877320302593,0.009333809511662428,0.0055287977240455095,0.2736236083897977,4.337738996157344,6.480698854285476
0.009382423102869002,0.009752532576131016,0.29994851031006375,0.06887501227418542,1.911164187592743,0.009382423102869002,0.005528542142579647,0.27365929353617907,4.559497004098136,6.611255488558907
0.009431036694075579,0.009752815349138189,0.29994821309504066,0.06888201128092081,1.911140756919425,0.009431036694075579,0.005528313679571283,0.27370916461104616,4.779991279442894,6.729576977012902
0.009479650285282153,0.009753095431196982,0.29994789439829106,0.06888903883081281,1.9111174439915226,0.009479650285282153,0.005528237071608166,0.27378135822334954,5.091521024883218,6.920488729440064
0.009528263876488727,0.009753372836961415,0.2999475539308289,0.06889609556738695,1.911094253803847,0.009528263876488727,0.0055283437331919115,0.27390147781111446,5.470148523041537,7.153952972067104
0.009576877467695304,0.009753647529867224,0.2999471911509266,0.06890318199342665,1.9110711908895917,0.009576877467695304,0.00552891828154064,0.27415025540842203,5.861929552179577,7.365527936572003
0.009625491058901878,0.009938740385518204,0.3005286369431172,0.06890203780382864,1.9261159345056882,0.009625491058901878,0.005535752095359688,0.2738542844242474,6.910409143503711,7.486682680704057
0.009674104650108454,0.009938995990249848,0.3005281888318028,0.06890504459718831,1.9260878618425312,0.009674104650108454,0.00553526589486215,0.27385339536764347,7.170121635003835,7.641443792437627
0.009722718241315029,0.009939247508234663,0.30052772711201603,0.06890808283617753,1.9260599195972359,0.009722718241315029,0.005534769571922368,0.27384307438701716,7.624127715847514,7.962211798530893
0.009771331832521603,0.009939495151426182,0.3005272510811267,0.06891114190479736,1.926032037166041,0.009771331832521603,0.0055343373414880725,0.273848759099361,7.8714822886019125,8.092598877274018
0.00981994542372818,0.009939739037061962,0.30052676149216623,0.0689142147774392,1.9260041637849437,0.00981994542372818,0.005536633807269691,0.28310121541098326,12.496191755878256,12.042992125545815
0.009868559014934754,0.009939979084047576,0.300526261178611,0.06891729999431291,1.9259762810353707,0.009868559014934754,0.005536200043215232,0.28325656356283047,12.788556744148787,12.154168040675678
0.009917172606141328,0.009940215158648702,0.3005257525893519,0.06892039907708546,1.9259483924692737,0.009917172606141328,0.005535780627115167,0.2834154911792261,13.08971098117176,12.266805878683154
0.009965786197347904,0.009940447096993252,0.30052523575146,0.06892351926930286,1.9259205493977622,0.009965786197347904,0.005535373946174072,0.28357883660882743,13.40002016896111,12.381037732250245
0.010014399788554479,0.009940674758280579,0.30052470950428034,0.06892666911208134,1.9258928161200684,0.010014399788554479,0.005534978629065346,0.28374756734377105,13.719867912990113,12.496992033782801
0.010063013379761055,0.009940898083507607,0.3005241730540299,0.06892985304553716,1.9258652271105399,0.010063013379761055,0.005534593635844168,0.2839227691853022,14.049653694164734,12.614792136384045
0.01011162697096763,0.009941117073449012,0.3005236261440481,0.068933072026797,1.9258377907765674,0.01011162697096763,0.005534218157230419,0.28410562705916137,14.389788693630143,12.734553131522738
0.010160240562174206,0.00994133175347791,0.30052306879710505,0.06893632551753692,1.925810504224058,0.010160240562174206,0.005533851524627959,0.28429740820089827,14.740692538756534,12.856379516743521
0.01020885415338078,0.009941542155563915,0.3005225011480453,0.06893961256453908,1.9257833613882571,0.01020885415338078,0.005533493160735183,0.2844994446839893,15.102789683788412,12.98036271222161
0.010257467744587355,0.009941748311881276,0.3005219233752977,0.06894293219577646,1.9257563560485795,0.010257467744587355,0.00553314255345267,0.2847131173104929,15.476506437908473,13.106579267491364
0.01030608133579393,0.009941950253140201,0.30052133567734096,0.06894628353031206,1.9257294826905618,0.01030608133579393,0.0055327992395014045,0.28493983804936274,15.862267808192573,13.23508899507208
0.010354694927000505,0.009942148008479073,0.3005207382658226,0.06894966579072664,1.9257027366291528,0.010354694927000505,0.005532462788413824,0.28518103185998805,16.26049429372283,13.365933243628016
0.010403308518207081,0.00994234160577709,0.30052013136442607,0.06895307828787113,1.9256761139192269,0.010403308518207081,0.005532132792763462,0.28543811704333727,16.671598328117067,13.49913305291724
0.010451922109413656,0.009942531072015705,0.30051951520953774,0.06895652040096086,1.9256496112276795,0.010451922109413656,0.005531808858986316,0.2857124870396978,17.095981109537096,13.63468771576231
0.01050053570062023,0.009942716433572437,0.30051889005131555,0.0689599915597506,1.9256232257187553,0.01050053570062023,0.005531490597974875,0.2860054892810729,17.534027819394275,13.772572378075644
0.010549149291826806,0.009942897716443529,0.30051825615482797,0.06896349123024832,1.9255969549650658,0.010549149291826806,0.005531177619587676,0.28631840760143784,17.98610319711196,13.912736165454788
0.010597762883033381,0.00994307494638458,0.3005176138009511,0.0689670189036844,1.9255707968816855,0.010597762883033381,0.005530869528078934,0.28665244225758263,18.452545567416756,14.055099311418813
0.010646376474239957,0.00994324814899548,0.3005169632871663,0.06897057408833054,1.925544749681665,0.010646376474239957,0.005530565914791443,0.2870086861232473,18.933659221643403,14.199549556926994
0.010694990065446532,0.009943417349743432,0.30051630492802234,0.06897415630355086,1.9255188118477644,0.010694990065446532,0.0055302663565972125,0.2873880967965592,19.42970698924962,14.345939096754929
0.010743603656653106,0.009943582573934639,0.3005156390553916,0.068977765075862,1.925492982118635,0.010743603656653106,0.005529970407538285,0.2877914474804551,19.940901314750857,14.494080805154953
0.010792217247859682,0.009943743846636727,0.30051496601827155,0.0689813999366476,1.9254672594860804,0.010792217247859682,0.005529677593214543,0.28821925566124307,20.467399225694155,14.643747627464258
0.010840830839066257,0.009943901192543422,0.30051428618214493,0.06898506042167432,1.9254416432041677,0.010840830839066257,0.005529387402480078,0.28867166903654234,21.009303432783295,14.794676206412728
0.010889444430272833,0.009944054635785037,0.3005135999276402,0.0689887460722671,1.9254161328072708,0.010889444430272833,0.005529099279338414,0.2891483055114111,21.566677704684064,14.94657980652559
0.010938058021479407,0.009944204199661754,0.30051290764830846,0.06899245643833728,1.9253907281364464,0.010938058021479407,0.00552881261688413,0.2896480446563462,22.139583062584233,15.099173490769171
0.010986671612685982,0.009944349906319622,0.30051220974725834,0.06899619108352374,1.9253654293744922,0.010986671612685982,0.005527506345599631,0.27791064096042717,27.486009187728165,18.280309406582926
0.011035285203892558,0.009944491776322163,0.30051150663222875,0.06899994959252645,1.9253402370848165,0.011035285203892558,0.0055282410187595925,0.2907074141436067,23.332642239343265,15.405567184479347
0.011083898795099132,0.009944629828153606,0.3005107987088159,0.069003731581045,1.9253151522542475,0.011083898795099132,0.005527954706570565,0.2912595268958867,23.953624128378287,15.559242943661777
0.011132512386305707,0.009944764077626199,0.30051008637133136,0.06900753670832299,1.925290176331636,0.011132512386305707,0.005527667189638731,0.29181993260430283,24.591996878782876,15.713465110858557
0.011181125977512285,0.009944894537209648,0.3005093699907649,0.06901136469255124,1.9252653112567573,0.011181125977512285,0.0055273779448725005,0.29238300420330887,25.24907334701083,15.86866983624905
0.01122973956871886,0.00994502121531093,0.30050864989950654,0.06901521532890666,1.9252405594671573,0.01122973956871886,0.00552708661062602,0.29294334698273633,25.926549208905488,16.02547655311407
0.011278353159925434,0.009945144115535947,0.30050792637221474,0.06901908851001745,1.9252159238688393,0.011278353159925434,0.0055267930046635615,0.29349639664327204,26.626416644522475,16.18462154744489
0.011326966751132008,0.009945263235998309,0.3005071996026065,0.0690229842479689,1.9251914077496584,0.011326966751132008,0.005526497120835473,0.29403882116792507,27.350851018914994,16.3468813393204
0.011375580342338583,0.00994537856876224,0.3005064696760269,0.06902690269700756,1.9251670146157311,0.011375580342338583,0.005526199091997506,0.2945686403103962,28.102104121402313,16.513006120985192
0.011424193933545159,0.009945490099514852,0.3005057365381297,0.06903084417504741,1.9251427479239807,0.011424193933545159,0.0055258991502088765,0.2950851262061706,28.88243199711186,16.68367824372285
0.011472807524751733,0.009945597807582385,0.30050499996056,0.06903480918231715,1.925118610695537,0.011472807524751733,0.005525597584655352,0.2955885677227689,29.694059153967288,16.859494290606733
0.011521421115958308,0.009945701666380223,0.3005042595055431,0.06903879841454526,1.9250946050013136,0.011521421115958308,0.005525294711197896,0.2960800038566095,30.53917413600404,17.040965760147923
0.011570034707164884,0.009945801644349056,0.30050351449248575,0.0690428127684061,1.925070731340499,0.011570034707164884,0.0055249908520319906,0.296560982669978,31.41994438657905,17.2285300712981
0.01161864829837146,0.009945897706323412,0.30050276397126685,0.06904685333685587,1.9250469879675949,0.01161864829837146,0.005524686321144079,0.2970333644767603,32.338538822090555,17.422564711505785
0.011667261889578034,0.009945989815184079,0.3005020067086117,0.06905092139263769,1.9250233702718387,0.011667261889578034,0.0055243814216787744,0.297499189789438,33.29715640722934,17.623403292632158
0.011715875480784609,0.009946077933485778,0.3005012411948387,0.06905501835895456,1.9249998703552134,0.011715875480784609,0.005524076444868637,0.29796058360481104,34.29805205648363,17.83134878736667
0.011764489071991183,0.009946162024685764,0.30050046567812794,0.06905914576757895,1.9249764769780573,0.011764489071991183,0.0055237716728831696,0.29841969919223427,35.343562174756215,18.046685363044414
0.011813102663197761,0.009946242053589748,0.3004996782305429,0.06906330520580574,1.9249531760095346,0.011813102663197761,0.00552346737806233,0.29887868429629155,36.43612814405364,18.269687898095995
0.011861716254404336,0.009946317985810886,0.30049887684454807,0.0690674982555502,1.9249299514359015,0.011861716254404336,0.0055231638298811085,0.2993396685615589,37.57831969554851,18.500630512501694
0.01191032984561091,0.009946389786317861,0.30049805955100845,0.06907172642906902,1.9249067868291183,0.01191032984561091,0.005522861293118163,0.29980475432835835,38.772855684899426,18.739792681104454
0.011958943436817485,0.009946457417478962,0.3004972245422625,0.06907599110759104,1.9248836670356928,0.011958943436817485,0.00552256002921105,0.3002760207194001,40.02262643124781,18.98746523208922
0.012007557028024059,0.009946520837222679,0.3004963702800303,0.06908029349012978,1.9248605797571372,0.012007557028024059,0.0055222602914520484,0.30075552275682044,41.33071361172642,19.243954250025517
0.012056170619230637,0.009946579997926546,0.30049549556988514,0.06908463456055483,1.9248375167227534,0.012056170619230637,0.005521962324244171,0.301245297947077,42.70041212031823,19.50958506649149
0.012104784210437211,0.009946634846331908,0.30049459959140756,0.06908901508091427,1.9248144742954432,0.012104784210437211,0.0055216663545538435,0.3017473681817675,44.135250264405315,19.784704695230413
0.012153397801643786,0.009946685324419337,0.30049368188307524,0.0690934356187838,1.9247914535504071,0.012153397801643786,0.005521372587604133,0.3022637435263802,45.63901104863256,20.06968400816257
0.01220201139285036,0.009946731370758403,0.3004927422894807,0.0690978966160035,1.9247684600417987,0.01220201139285036,0.005521081199048609,0.30279642087128733,47.21575133172242,20.364918285038446
0.012250624984056935,0.009946772921674165,0.30049178088308565,0.06910239850514929,1.9247455035609788,0.012250624984056935,0.005520792326538156,0.3033473880154211,48.86982343649909,20.670828159251496
0.012299238575263513,0.00994680991159119,0.30049079787337707,0.06910694187705989,1.9247225981733014,0.012299238575263513,0.0055205060607338395,0.30391861712526275,50.605892304741616,20.987858124159917
0.012347852166470087,0.009946842272130631,0.3004897935151198,0.06911152769242174,1.924699762676754,0.012347852166470087,0.005520222435149465,0.304512072511925,52.42895845215132,21.316476903409622
0.012396465757676662,0.009946869930053587,0.30048876802775965,0.06911615750715658,1.9246770213616993,0.012396465757676662,0.005519941411809691,0.3051297058100077,54.34437555590176,21.657175037477597
0.012445079348883236,0.009946892804819326,0.3004877215417576,0.06912083363958327,1.924654404544192,0.012445079348883236,0.00551966287269765,0.3057734603289077,56.35787214868791,22.010463548035087
0.01249369294008981,0.0099469108072326,0.30048665409338016,0.06912555915921267,1.924631947911642,0.01249369294008981,0.005519386610818515,0.3064452729086895,58.475571748062784,22.37687152564438
0.012542306531296388,0.009946923840810093,0.30048556568889573,0.06913033757058734,1.9246096896369498,0.012542306531296388,0.0055191123377475665,0.30714707903354616,60.70401332261647,22.756943400736617
0.012590920122502963,0.009946931805996964,0.3004844564378212,0.06913517217906043,1.9245876650989573,0.012590920122502963,0.005518839706719828,0.3078808143655509,63.05016873446327,23.151234460409082
0.012639533713709537,0.009946934604391064,0.3004833267096893,0.06914006537035836,1.9245659009896452,0.012639533713709537,0.005518568348960527,0.30864841766184226,65.52145550394933,23.56030468656719
0.012688147304916112,0.009946932138474276,0.30048217722985376,0.06914501822337858,1.924544412114877,0.012688147304916112,0.005518297906388957,0.30945182677174643,68.12573800588899,23.98470840211963
0.012736760896122686,0.009946924306134221,0.3004810090468454,0.06915003071314944,1.9245232029884816,0.012736760896122686,0.005518028035789054,0.3102929601490895,70.87130553900765,24.42497638440968
0.012785374487329264,0.009946910997393487,0.30047982337864165,0.06915510227011427,1.924502272511624,0.012785374487329264,0.005517758388646065,0.31117368907928167,73.76681625976202,24.881588417393115
0.012833988078535839,0.00994689210463056,0.3004786214119162,0.0691602321240021,1.9244816173255423,0.012833988078535839,0.0055174885439226275,0.31209577391463034,76.82117294432777,25.354926130310737
0.012882601669742413,0.009946867549761148,0.3004774041350746,0.0691654190741028,1.9244612309208542,0.012882601669742413,0.005517217944663138,0.3130607649917841,80.04329254731896,25.8451979893707
0.012931215260948987,0.009946837316345382,0.30047617225003154,0.06917066090134621,1.9244410998538766,0.012931215260948987,0.005516945814521721,0.31406983996263205,83.44169416319892,26.352317232880118
0.012979828852155564,0.009946801466037384,0.30047492616900584,0.06917595399729021,1.92442120117846,0.012979828852155564,0.0055166710662351535,0.3151235256202225,87.02377577398677,26.875701946865476
0.01302844244336214,0.009946760127643294,0.3004736660745157,0.0691812935907945,1.9244015039257585,0.01302844244336214,0.005516392174863167,0.3162212041348559,90.7945807964034,27.413951774499868
0.013077056034568714,0.009946713465734043,0.3004723920054579,0.06918667445136373,1.9243819739126695,0.013077056034568714,0.0055161068881534195,0.31736003897280324,94.75471029207401,27.964323066567893
0.013125669625775289,0.009946661646452035,0.30047110393509163,0.06919209165276911,1.924362579018585,0.013125669625775289,0.005515811499350375,0.3185320109373027,98.89685969335886,28.521892393366496
0.013174283216981863,0.009946604813980563,0.3004698018231357,0.06919754107151162,1.9243432926471329,0.013174283216981863,0.005515498436241793,0.31971305365531566,103.19998555456908,29.078189616613194
0.01322289680818844,0.009946543080897789,0.30046848564186424,0.06920301955024429,1.9243240948672748,0.01322289680818844,0.00551514585452196,0.3208091790766328,107.61694458737303,29.618276265746378
0.013271510399395016,0.009946476528678305,0.3004671553843951,0.06920852482427813,1.9243049719048597,0.013271510399395016,0.005514630985826826,0.3211583107936334,111.99669202555768,30.100960598731433
0.01332012399060159,0.009946405213158118,0.30046581106407566,0.06921405534184713,1.9242859148932803,0.01332012399060159,0.005514234892264367,0.32250158711557614,116.35050699360276,30.530660497928572
0.013368737581808164,0.009946329171192557,0.30046445271061106,0.06921961006911082,1.9242669185166514,0.013368737581808164,0.00551406255631873,0.32547460480941487,121.02925428989909,30.997476302117438
0.01341735117301474,0.00994624842661929,0.3004630803660822,0.06922518832375212,1.9242479798542143,0.01341735117301474,0.005513927885862752,0.32892999441383525,125.97506636111802,31.48231379505366
0.013465964764221315,0.009946162994902962,0.3004616940817567,0.06923078964910849,1.9242290975076666,0.013465964764221315,0.005513813139496036,0.3327655203669056,131.1969671752152,31.983612177653924
0.013514578355427891,0.009946072886480925,0.3004602939160103,0.06923641372576912,1.9242102709915627,0.013514578355427891,0.005513713980596882,0.33696968698289786,136.71218529046322,32.50163364157736
0.013563191946634466,0.009945978109044185,0.30045887993303155,0.06924206031255453,1.924191500328489,0.013563191946634466,0.005513629224425453,0.3415548636138053,142.5410941419556,33.037078846684054
0.013611805537841042,0.009945878669048948,0.3004574522022112,0.06924772920866691,1.92417278579299,0.013611805537841042,0.005513558839446574,0.34654376175504437,148.70632454472002,33.59081256768857
0.013660419129047616,0.009945774572675597,0.3004560107978903,0.06925342023032108,1.9241541277555851,0.013660419129047616,0.005513503336953932,0.3519653158621115,155.23261589946955,34.163782516845316
0.013709032720254187,0.009945665826428697,0.3004545557994082,0.0692591331970453,1.924135526594656,0.013709032720254187,0.005513463546488833,0.3578531689349718,162.14687538299148,34.7569897488413
0.013757646311460765,0.00994555243748971,0.3004530872912447,0.06926486792405855,1.9241169826500115,0.013757646311460765,0.005513440506861887,0.36424511510617164,169.4783305521622,35.371478439657594
0.01380625990266734,0.00994543441391285,0.3004516053632632,0.06927062421861901,1.9240984962036676,0.01380625990266734,0.005513435444513239,0.3711829401932067,177.2587305568057,36.00833284960659
0.013854873493873914,0.009945311764719494,0.30045011011097944,0.06927640187864,1.9240800674755907,0.013854873493873914,0.005513449739318307,0.3787124863868367,185.5225942956405,36.66867935336512
0.013903487085080489,0.009945184499927796,0.3004486016358359,0.06928220069281682,1.9240616966301731,0.013903487085080489,0.0055134849299781135,0.3868838082694796,194.30748437007315,37.353688517750015
0.013952100676287065,0.00994505263054495,0.30044708004548065,0.06928802044140943,1.9240433837859425,0.013952100676287065,0.005513542724404351,0.39575144790955613,203.654332658267,38.06458090967546
0.014000714267493641,0.009944916168532946,0.3004455454540214,0.0692938608975158,1.9240251290288786,0.014000714267493641,0.0055136250032470505,0.4053747376910849,213.60779466236963,38.80263137975324
0.014049327858700215,0.0099447751267602,0.3004439979823028,0.06929972182833245,1.9240069324247153,0.014049327858700215,0.005513733841711023,0.4158181951409297,224.21665867068373,39.569176017442764
0.01409794144990679,0.009944629518951038,0.30044243775813395,0.06930560299653273,1.923988794031826,0.01409794144990679,0.005513871533688413,0.42715195191390865,235.53429957730452,40.36561818861806
0.014146555041113366,0.009944479359628654,0.30044086491656835,0.06931150416144542,1.9239707139124906,0.014146555041113366,0.00551404061024836,0.43945226744481836,247.6191966229165,41.1934364017188
0.01419516863231994,0.009944324664061378,0.30043927960011857,0.06931742508006489,1.9239526921421852,0.01419516863231994,0.005514243873584049,0.4528020936568225,260.53551218282007,42.054191592840475
0.014243782223526517,0.009944165448216922,0.30043768195905557,0.06932336550800873,1.9239347288191748,0.014243782223526517,0.005514484431093787,0.4672917451724515,274.3537512108182,42.94953648038742
0.014292395814733091,0.009944001728713228,0.3004360721516132,0.06932932520007015,1.923916824069563,0.014292395814733091,0.005514765733493712,0.48301963114374313,289.1515028068593,43.88122386692213
0.014341009405939666,0.009943833522786792,0.30043445034430316,0.06933530391079425,1.923898978053858,0.014341009405939666,0.0055150916183992656,0.5000931176797411,305.01428415710745,44.85111711504229
0.014389622997146242,0.00994366084826205,0.3004328167121573,0.06934130139476939,1.9238811909704399,0.014389622997146242,0.035497663708809496,2.372674583182203,373.38416528543536,56.05857884648837
0.014438236588352816,0.009943483723534846,0.3004311714390455,0.06934731740680022,1.9238634630585745,0.014438236588352816,0.005515894768183886,0.5387571956862344,340.32254604496137,46.9135951910762
0.014486850179559392,0.009943302167565931,0.30042951471795903,0.06935335170185211,1.9238457945992975,0.014486850179559392,0.005516382173153254,0.5606168715284778,359.98802638463087,48.010563051079885
0.014535463770765967,0.009943116199885603,0.30042784675133266,0.06935940403497935,1.9238281859168262,0.014535463770765967,0.5640980262475817,47.10851531661678,835.4178410964996,132.20375376041977
0.014584077361972543,0.009942925840614382,0.30042616775137304,0.0693654741609871,1.9238106373777317,0.014584077361972543,0.005517558785381848,0.610165982257611,403.98464759794933,50.34810027274288
0.014632690953179118,0.009942731110505879,0.3004244779404468,0.06937156183411856,1.9237931493906983,0.014632690953179118,0.005518262359554439,0.6382130866032398,428.61704370148027,51.594066535583785
0.014681304544385692,0.009942532030998822,0.3004227775514477,0.06937766680747792,1.9237757224044523,0.014681304544385692,0.08909038116903596,5.6754543757956935,531.277114127352,82.3508900036368
0.014729918135592268,0.009942328624305212,0.30042106682824765,0.06938378883238978,1.9237583569056633,0.014729918135592268,0.00551994318710347,0.7018918051841314,484.0376394443532,54.255457867027545
0.014778531726798844,0.009942120913526817,0.3004193460262125,0.06938992765766444,1.9237410534167363,0.014778531726798844,0.034635350772545405,2.389742884043059,576.7226839163195,64.73025447935764
0.014827145318005419,0.00994190892280822,0.3004176154127496,0.06939608302851179,1.923723812491294,0.014827145318005419,0.0055220605445018625,0.7773452506954258,549.1066930922238,57.16572448784451
0.014875758909211993,0.009941692677556508,0.30041587526809715,0.06940225468548428,1.9237066347114737,0.014875758909211993,0.49296256274029554,28.703447923503468,449.8981951469272,63.29801589659573
0.014924372500418568,0.009941472204732906,0.30041412588620386,0.0694084423628576,1.9236895206816522,0.014924372500418568,0.005643143527984603,0.8743978196979003,625.885287122977,60.361026103981715
0.014972986091625146,0.009941247533258087,0.3004123675759629,0.06941464578665779,1.923672471021785,0.014972986091625146,0.04613930770838681,3.734992741099979,707.2656108702798,72.84222121453601
0.01502159968283172,0.009941018694603456,0.30041060066291664,0.06942086467194444,1.923655486358224,0.01502159968283172,0.09498890096198964,6.405365569366531,802.5716091012802,92.9874471237436
0.015070213274038294,0.009940785723670175,0.3004088254917617,0.06942709871888594,1.9236385673100416,0.015070213274038294,0.1277139013992749,18.092027308591113,2405.7222487663803,216.30461748415016
0.015118826865244869,0.009940548660167485,0.3004070424302307,0.06943334760676839,1.9236217144688124,0.015118826865244869,0.04653735330181569,3.811154557582825,864.8904579262766,77.96386948163357
0.015167440456451443,0.009940307550947212,0.300405251875632,0.0694396109839866,1.9236049283635155,0.015167440456451443,1.513807662697946,93.30468727743403,3302.0666245107054,270.3399809976756
0.015216054047658021,0.009940062454348099,0.30040345426698567,0.06944588844965983,1.923588209397021,0.015216054047658021,1.2450918444683057,82.31766222582408,2103.016728134278,249.27168766491636
0.015264667638864596,0.009939813449562056,0.3004016501112154,0.06945217951417504,1.923571557708272,0.015264667638864596,1.0623750323729786,67.70505688105494,2248.4960205342327,188.92344238049247
0.01531328123007117,0.009939560662515038,0.3003998400555889,0.06945848349033316,1.9235549727933932,0.01531328123007117,0.04703792507669853,3.955362874283564,1157.5938806977433,86.2656083209632
0.015361894821277745,0.009939304399737385,0.300398025263195,0.06946479892994492,1.92353845154334,0.015361894821277745,0.08183382662051904,5.535733476049544,1340.9587996420312,103.24364138446555
0.015410508412484319,0.009895619918352945,0.29991122668208303,0.06865254376319176,1.9185376926203506,0.015410508412484319,0.42962320309930496,27.332085367455967,1.3922129128722583e6,100.97065280984323
0.015459122003690897,0.009895354162529102,0.2999099092443505,0.06865005022266539,1.9185169917990341,0.015459122003690897,0.8254595916315184,63.37696687901417,297352.23446674924,145.39256146544875
0.015507735594897471,0.009895083537919083,0.29990857080730654,0.06864757596852461,1.9184963324053141,0.015507735594897471,0.03378282563417941,3.033612293644074,101865.66072952255,100.89077086745327
0.015556349186104046,0.009894808079880557,0.29990721176693297,0.06864512071748216,1.918475713562133,0.015556349186104046,0.03347281806190533,3.0786898135904504,47296.062157834436,101.8933228261191
0.01560496277731062,0.009894527807940189,0.2999058324322715,0.06864268425759658,1.9184551349990975,0.01560496277731062,0.0056844494558394194,2.215496693731831,26287.754215459456,97.56449665370558
0.015653576368517195,0.009894242735088727,0.2999044330794324,0.0686402664049496,1.9184345967061454,0.015653576368517195,4.255195294120276,314.55233844551736,19717.9690073162,401.10975790880065
0.01570218995972377,0.00989395287078309,0.2999030139689826,0.06863786698976812,1.9184140988225422,0.01570218995972377,0.4044028670363328,28.95391056653224,11560.8024913121,118.98328594886401
0.015750803550930347,0.009893658222227203,0.2999015753533865,0.06863548585009864,1.9183936415864955,0.015750803550930347,6.669903512148475,428.91181703572903,6803.301728225395,195.29920713633737
0.015799417142136923,0.00989335879504333,0.29990011748090956,0.06863312282871589,1.918373225311241,0.015799417142136923,2.549257166661236,147.28262497206325,3064.4802910369294,329.49937594893606
0.015848030733343496,0.009893054593644887,0.2998986405977978,0.0686307777712153,1.918352850370368,0.015848030733343496,0.6812149966622065,59.27361965544265,1167.336134376577,142.0759307623107
0.015896644324550072,0.009892745621462624,0.29989714494965175,0.06862845052470753,1.9183325171879653,0.015896644324550072,6.644637386156505,451.20986670909235,10098.893861316845,308.51524414684184
0.01594525791575665,0.009892431881094812,0.2998956307823611,0.06862614093710738,1.9183122262338435,0.01594525791575665,2.2563645644792016,220.25493485689114,15868.52224102013,487.93739102274907
0.015993871506963225,0.009892113374404132,0.2998940983427728,0.06862384885637349,1.9182919780179906,0.015993871506963225,7.030604327789678,412.8084348729264,4726.742910772271,315.012274038621
0.016042485098169797,0.009891790102586572,0.29989254787918074,0.06862157413009658,1.9182717730880718,0.016042485098169797,5.442781129185131,359.5893456873029,12152.70273602529,372.8277704217489
0.016091098689376374,0.009891462066218054,0.29989097964177175,0.0686193166050961,1.9182516120271556,0.016091098689376374,6.8818286513961855,428.2962548672504,7465.856096862586,286.3757688126477
0.016139712280582946,0.009891129265291225,0.2998893938829461,0.06861707612707213,1.9182314954514144,0.016139712280582946,33.363913347234664,1713.380865559483,10838.484828812077,468.2953155902342
0.016188325871789526,0.009890791699235462,0.2998877908576417,0.06861485254029621,1.918211424008778,0.016188325871789526,6.222774485065846,339.73339326147004,15250.199926315685,439.13813507663735
0.0162369394629961,0.009890449366941105,0.29988617082364577,0.06861264568733999,1.918191398377252,0.0162369394629961,5.669422196134621,366.0924658773934,11641.951731948086,383.45122730129845
0.016285553054202675,0.009890102266764166,0.2998845340418373,0.06861045540876748,1.9181714192636747,0.016285553054202675,227.87078382148545,13792.773248179114,43972.81054078898,1170.9246576964251
0.016334166645409248,0.00988975039654051,0.2998828807764915,0.06860828154294539,1.9181514874031307,0.016334166645409248,1535.2241969514282,77348.50681949807,54898.40373824068,2238.060876423519
0.016382780236615824,0.009889393753593078,0.29988121129555406,0.06860612392571677,1.9181316035573444,0.016382780236615824,1866.2264541068844,87470.75209592427,104127.66043178989,2601.4704773313856
0.0164313938278224,0.009889032334733528,0.2998795258709128,0.06860398239016209,1.918111768514199,0.0164313938278224,1485.2178150086909,75505.52507435487,132818.6793769647,2327.500884401563
0.016480007419028976,0.009888666136265437,0.29987782477869024,0.06860185676628255,1.9180919830862866,0.016480007419028976,11.98754219449301,644.3688779535761,28516.469056450453,495.92133725089303
0.01652862101023555,0.009888295153988536,0.29987610829954153,0.06859974688071432,1.9180722481104269,0.01652862101023555,2132.7007189008555,111220.12136872897,132544.02904742255,2873.794961151669
0.016577234601442125,0.00988791938319869,0.2998743767189812,0.06859765255642772,1.918052564446719,0.016577234601442125,2256.0801578454216,108483.94671534009,207801.90152179546,2794.4595813340125
0.016625848192648698,0.009887538818686833,0.2998726303276753,0.06859557361229224,1.9180329329772188,0.016625848192648698,6330.936275060103,346195.05248991813,226667.89853301892,3290.964601827432
0.016674461783855277,0.00988715345474287,0.2998708694218239,0.06859350986276054,1.9180133546053657,0.016674461783855277,2201.68224585751,110495.31935481304,279074.86763928115,2622.5293236381026
0.01672307537506185,0.009886763285155342,0.29986909430350356,0.06859146111741532,1.9179938302550488,0.01672307537506185,1788.8366509014725,90033.82570556483,316747.4932996976,2770.503344438789
0.016771688966268423,0.009886368303209462,0.29986730528106864,0.06858942718046661,1.9179743608694024,0.016771688966268423,14906.311590364421,704572.9127846544,370099.5892521524,3563.0203842153614
0.016820302557475,0.009885968501683906,0.2998655026695152,0.06858740785019253,1.9179549474092763,0.016820302557475,316649.80135891965,1.1017065278512808e7,861406.5541272502,10286.419293102075
0.01686891614868157,0.009885563872854526,0.2998636867909507,0.06858540291836188,1.9179355908525826,0.01686891614868157,1.1339713317329532e6,3.619170565252134e7,245664.06752053078,26533.578691692815
0.01691752973988815,0.009885154408483582,0.2998618579750262,0.06858341216945688,1.9179162921924613,0.01691752973988815,19596.981503824507,1.0161381054954724e6,960778.5717894259,6844.632514519296
0.016966143331094724,0.009884740099813863,0.29986001655936456,0.06858143537985702,1.9178970524356065,0.016966143331094724,880.2046836243852,40239.99297746404,788121.5020469071,2869.1467879223064
0.0170147569223013,0.009884320937548154,0.29985816289006717,0.06857947231670887,1.9178778725994965,0.0170147569223013,80977.34930821172,3.6603462331967023e6,220470.25915326242,10020.573764410376
0.017063370513507873,0.009883896911823516,0.29985629732214886,0.06857752273668945,1.9178587537102585,0.017063370513507873,475.9207095037309,20206.41895767609,374335.07884015894,1367.4644679489602
0.01711198410471445,0.009883468012160205,0.2998544202200049,0.06857558638424317,1.9178396967983524,0.01711198410471445,447315.8222569694,2.1082930700254884e7,5.448551156784247e6,12519.917333411478
0.017160597695921025,0.0098830342273677,0.2998525319577038,0.06857366298892945,1.9178207028906615,0.017160597695921025,447943.57462543045,1.5793092214985404e7,742913.0792508202,12473.956568837039
0.0172092112871276,0.009882595545376474,0.29985063291920266,0.06857175226168691,1.9178017730008787,0.0172092112871276,1.440787483296044e6,7.159016793187426e7,1.1494176607581605e6,18650.404462538478
0.017257824878334174,0.00988215195290537,0.2998487234980867,0.06856985388794123,1.9177829081070246,0.017257824878334174,2.5380335490332963e6,1.2642923995029485e8,1.0260693436177598e8,47891.504233103056
0.01730643846954075,0.009881703434735564,0.29984680409633196,0.06856796751387924,1.9177641091042903,0.01730643846954075,252155.76404773706,9.747533381075263e6,9.389306326592799e7,21999.316060524685
0.017355052060747323,0.009881249971779919,0.29984487512011365,0.06856609271131686,1.9177453766754464,0.017355052060747323,5268.2403757504135,1.4876988058644044e8,1.7354310058458095e9,133716.28336439104
0.017403665651953903,0.009880791533384574,0.2998429369621176,0.06856422883744322,1.9177267107420133,0.017403665651953903,10959.242578282723,2.329128630848267e9,1.689951575004463e11,1.2553921701440844e6
0.017452279243160475,0.009844757441088564,0.3002223575946889,0.0700487881523821,1.948704666668787,0.017452279243160475,0.005663850431922404,0.2959730384305299,38.14384824486089,3.9846247167100914
0.01750089283436705,0.009844276026052153,0.3002217144109708,0.07004471434347256,1.9486860871953158,0.01750089283436705,0.005663495267572787,0.2960180695796839,38.64744745457312,4.14414526958165
0.017549506425573624,0.009843789776583787,0.30022104822442863,0.0700406538599047,1.9486675928719726,0.017549506425573624,0.005663145771037774,0.29607182090056533,38.9980612390858,4.30120037675067
0.0175981200167802,0.009843298711091417,0.30022035975129735,0.07003660677327685,1.9486491848858711,0.0175981200167802,0.005662800945627027,0.296133902307161,39.198744674009596,4.453905666659818
0.017646733607986777,0.009842802837905023,0.30021964956665065,0.07003257301464809,1.9486308628213829,0.017646733607986777,0.005662460075477814,0.29620406184122755,39.260961096134935,4.601130691436711
0.017695347199193353,0.00984230216217301,0.30021891820451874,0.07002855245966481,1.9486126256480811,0.017695347199193353,0.005662122626997211,0.29628221340452654,39.20104338374075,4.742374041255147
0.017743960790399926,0.009841796687772738,0.30021816618583036,0.070024544952058,1.948594471990198,0.017743960790399926,0.005661788182964425,0.29636843055203926,39.03699711372789,4.877571016217789
0.017792574381606502,0.009841286418100647,0.3002173940299469,0.07002055031323658,1.9485764002321313,0.017792574381606502,0.005661456406236973,0.29646292299559196,38.786399231818415,5.006923415659765
0.017841187972813075,0.009840771356424331,0.3002166022603352,0.07001656834687774,1.9485584085624021,0.017841187972813075,0.005649867874035597,0.3180929802628007,43.72453798951218,6.75433816714422
0.017889801564019654,0.009840251506064608,0.3002157914075941,0.07001259884142465,1.94854049498803,0.017889801564019654,0.005650328900912759,0.31711528711411263,16.0847128299165,5.7731088902223355
0.017938415155226227,0.009839726870446232,0.300214962011161,0.07000864157157183,1.948522657327331,0.017938415155226227,0.00564925072017745,0.3180891551684074,42.91242565833975,6.923016614093518
0.017987028746432803,0.009839197453072292,0.30021411462031233,0.07000469629897106,1.9485048931778162,0.017987028746432803,0.005650314160365336,0.3350906256317838,12.822723642704695,6.448242126476433
0.018035642337639376,0.009838663257415173,0.30021324979488684,0.0700007627722235,1.9484871998438487,0.018035642337639376,0.005649410183764228,0.3161889508828774,12.731404345911928,5.653609991066773
0.018084255928845952,0.009838124286767351,0.3002123681062897,0.06999684072600261,1.948469574188032,0.018084255928845952,0.00564833825495204,0.318160435268643,41.45188607967041,7.1579854356115185
0.018132869520052528,0.009837580543992277,0.30021147013834815,0.06999292987755419,1.9484520123030356,0.018132869520052528,0.005648164450533041,0.31880962233272275,10.680942307579466,5.886549858675634
0.018181483111259104,0.009837032031160492,0.3002105564854894,0.06998902991850146,1.948434508808259,0.018181483111259104,0.005647737746592724,0.3182662827679354,40.397953663370544,7.304515549913422
0.018230096702465677,0.009836478748767358,0.3002096277397145,0.06998514049942339,1.9484170556849296,0.018230096702465677,0.00565855796948105,0.2977616569375089,34.6505429880248,5.969836748872246
0.018278710293672253,0.009835920693938616,0.30020868445463283,0.06998126123419794,1.9483996424556416,0.018278710293672253,0.005652065822063987,0.3237612365754729,12.854025558117838,3.4574138260656193
0.01832732388487883,0.009835357854054894,0.3002077270017496,0.06997739182418557,1.948382263233209,0.01832732388487883,0.005647575414583019,0.31540438017187994,7.680733900370879,5.493647332902618
0.018375937476085406,0.009834790191570582,0.3002067551724573,0.0699735323221108,1.9483649298841812,0.018375937476085406,0.005651393173725776,0.3231263462763052,11.476666371278913,3.405557943629069
0.01842455106729198,0.00983421764485901,0.30020576822626943,0.06996968305163576,1.9483476664568697,0.01842455106729198,0.007183499815565142,0.7745461316510515,32.86040524005774,6.4318817907880375
0.018473164658498555,0.009833640155672606,0.30020476573423494,0.0699658440816449,1.9483304816568172,0.018473164658498555,0.009122285270448637,0.7474334657185168,32.132202719789234,6.360426915253517
0.01852177824970513,0.00983305766732299,0.3002037475898055,0.0699620152092638,1.9483133675645619,0.01852177824970513,0.00910916150703691,0.758439325159555,32.063449406509534,6.484492026605112
0.018570391840911703,0.009832470104221749,0.300202713477395,0.06995819625347667,1.9482963139883602,0.018570391840911703,0.005646141349964083,0.3147749357185506,4.38610240947655,5.3495651952195
0.01861900543211828,0.009831877362400713,0.3002016626609351,0.0699543871646763,1.9482793133981655,0.01861900543211828,0.005656782959605901,0.2947076435589652,9.117723083359312,3.196546241955689
0.018667619023324856,0.009831279306867021,0.30020059396584564,0.06995058802947396,1.9482623606215994,0.018667619023324856,0.005644669115458245,0.31545222161465203,3.453096871588349,5.38050849966052
0.018716232614531432,0.009830675771411595,0.3001995058103311,0.06994679906328821,1.9482454521815316,0.018716232614531432,0.00564893399245086,0.32098624767940614,7.619759177269895,3.228346223014775
0.018764846205738005,0.00983006656168382,0.3001983962882933,0.06994302060401639,1.9482285862445088,0.018764846205738005,0.005648612382525785,0.3206884749498202,7.170890916317459,3.2041939745146633
0.01881345979694458,0.009829451464198164,0.3001972633501334,0.0699392531011034,1.948211763251868,0.01881345979694458,0.005647725152721473,0.3266667746934042,29.058782486845402,6.9743827766827415
0.018862073388151157,0.009828830264164971,0.30019610513353817,0.06993549709384655,1.9481949872845639,0.018862073388151157,0.007180175469537436,0.7583517207756774,6.939657329961954,3.2050169061888463
0.018910686979357733,0.009828202773938472,0.3001949204770944,0.06993175317591778,1.9481782682039233,0.018910686979357733,0.007178839042238488,0.7579294965639647,6.565332374234702,3.1739251604970455
0.018959300570564306,0.009827568870383796,0.30019370959010216,0.06992802195025298,1.9481616244306759,0.018959300570564306,0.005654036247225437,0.3028886455245701,27.19141617852268,7.134107270833982
0.019007914161770882,0.009826928533363422,0.30019247474785204,0.06992430398878549,1.9481450858512657,0.019007914161770882,0.005654148639295735,0.29453939989910016,5.724633770903994,2.9661385887367784
0.019056527752977455,0.00982628187102033,0.300191220770858,0.06992059982024489,1.948128695925479,0.019056527752977455,0.005477791122023944,0.29831631877469517,4.763830666829376,2.770366836071677
0.019105141344184035,0.009825629116447623,0.30018995502776885,0.06991690997092924,1.9481125120345024,0.019105141344184035,0.005594543856064893,0.2937222483574472,4.966602608716601,2.705104267491705
0.019153754935390607,0.009824970589319838,0.300188686858097,0.06991323506581033,1.9480966037220373,0.019153754935390607,0.005594298765168217,0.2937102001731116,4.661317036230257,2.6805923784460206
0.019202368526597183,0.009824306632739598,0.3001874265987704,0.0699095759723173,1.9480810496215004,0.019202368526597183,0.009061076194218198,0.7402086552588051,4.421214541769031,2.790102681555736
0.019250982117803756,0.009823637548115957,0.30018618461739194,0.0699059339512722,1.9480659346996791,0.019250982117803756,0.005593783725152445,0.29367909301558914,4.125217257742589,2.634019032508333
0.019299595709010332,0.009822963549500659,0.30018497073475314,0.0699023107844523,1.9480513493414737,0.019299595709010332,0.005593572257339327,0.3067523566735716,24.527292506769292,7.495079723808297
0.01934820930021691,0.009822284745867705,0.3001837942012752,0.06989870887157792,1.9480373909382165,0.01934820930021691,0.005586925803756024,0.31655976183958723,3.018585077624202,2.7357279382113227
0.019396822891423485,0.009821601146360605,0.30018266416653544,0.06989513131171926,1.9480241677563956,0.019396822891423485,0.005586662973952175,0.3162918221415648,2.772475509617719,2.7158226194272195
0.019445436482630057,0.009820912677365323,0.30018159048444626,0.06989158199322036,1.9480118044893124,0.019445436482630057,0.005586364754945153,0.3160194993106267,2.5559406048895834,2.700133378825482
0.019494050073836634,0.009820219201369081,0.3001805847290351,0.06988806571440305,1.9480004490101586,0.019494050073836634,0.005652552619015649,0.34114092650384037,5.629918079362932,2.662973726074954
0.019542663665043206,0.009819520531706538,0.3001796613865008,0.06988458835142589,1.9479902801757152,0.019542663665043206,0.0055858640708689195,0.31549726115887206,2.1394592537739046,2.6666509126655877
0.019591277256249786,0.00981881644102612,0.30017883928090344,0.06988115708364484,1.9479815168051375,0.019591277256249786,0.005585609203487788,0.3152341148629852,1.9448530414532643,2.6500987965928418
0.01963989084745636,0.009818106663579601,0.3001781433664991,0.06987778068408321,1.947974428115055,0.01963989084745636,0.005585349288932632,0.3149745940291985,1.7589796137792921,2.6346219215541025
0.019688504438662935,0.009817390892368062,0.30017760708409685,0.06987446987936564,1.9479693458849323,0.019688504438662935,0.00901127903341515,0.7452430829540655,1.6268152580294055,2.759751590168763
0.019737118029869508,0.009816668772434896,0.3001772755424906,0.06987123777789551,1.9479666784391199,0.019737118029869508,0.009007231563533044,0.7447805660881817,1.4559779397811479,2.745836647617679
0.01978573162107608,0.00981593989173783,0.3001772098537111,0.06986810035411106,1.947966926122702,0.01978573162107608,0.007147234088358191,0.7593932722188053,1.3764683343717343,2.967037820328216
0.019834345212282656,0.009815203771350539,0.3001774930130925,0.06986507695529329,1.9479706972069717,0.019834345212282656,0.00558426281098642,0.3139612268342438,0.8318792243858814,2.530038395080664
0.019882958803489233,0.009814459857371418,0.30017823774691477,0.0698621907645595,1.9479787220566631,0.019882958803489233,0.005583994940939061,0.3137153953075213,0.6190575805264809,2.505875467631982
0.01993157239469581,0.009813707517955754,0.3001795967109487,0.06985946911420955,1.9479918620682082,0.01993157239469581,0.005583733570213386,0.31347191872241864,0.4324166670140011,2.485797473746201
0.01998018598590238,0.009812946049596372,0.30018177527852113,0.06985694351178078,1.9480111089234975,0.01998018598590238,0.0055834768574109074,0.3132308693740211,0.2633862645499667,2.4682255533949404
0.020028799577108958,0.009812174696598596,0.30018504695972814,0.06985464926435175,1.9480375705086623,0.020028799577108958,0.005583431807409838,0.3129767863693818,0.9666837807934837,2.6128250398658164
0.020077413168315534,0.009811392684855225,0.3001897715165658,0.06985262471842543,1.948072444293463,0.020077413168315534,0.00558297469444413,0.31275639421483264,0.057033995292690334,2.43790906038394
0.02012602675952211,0.009810599264991324,0.3001964167360555,0.0698509104243331,1.9481169885094267,0.02012602675952211,0.005582943736696655,0.3124972952661489,0.7483039092188298,2.5958154399099476
0.020174640350728683,0.009809793751697401,0.30020558763252925,0.06984954895032919,1.9481725148688604,0.020174640350728683,0.005582486022862514,0.31229281444552137,0.3184389966219987,2.4117837782754767
0.02022325394193526,0.009809837864385,0.3001804013004299,0.06981207128623136,1.9470318516147433,0.02022325394193526,0.005582246707112251,0.31206546446337635,0.4455153245554311,2.3998039012312624
0.020271867533141832,0.009809045620414628,0.3001746789890084,0.06980954676465223,1.9470510000811203,0.020271867533141832,0.005582010905374937,0.31184131999887355,0.5686288984179585,2.388384080599794
0.02032048112434841,0.009808252390512978,0.3001699013387378,0.06980686899396403,1.9470643978225524,0.02032048112434841,0.005581967802830388,0.31156193270748034,0.33019517454192515,2.557046560798055
0.020369094715554984,0.009807457806040646,0.30016587186643007,0.06980405057861487,1.9470725021606805,0.020369094715554984,0.0055817248262575074,0.31133315642874093,0.23268852498125892,2.5471139596135517
0.02041770830676156,0.00980666144479565,0.30016242712423824,0.06980110655427958,1.9470758415658034,0.02041770830676156,0.00558148247040306,0.31110645188102265,0.13934286462641876,2.537246209177608
0.020466321897968133,0.009805862872055832,0.3001594356892314,0.06979805265779856,1.9470749591657484,0.020466321897968133,0.005581240814579,0.3108818404342893,0.055817143790748695,2.5274986335303367
0.02051493548917471,0.009805061669876335,0.3001567944911934,0.0697949040724981,1.947070372609181,0.02051493548917471,0.005580999926201727,0.3106593424200451,0.0590360929087097,2.517916565759923
0.020563549080381285,0.009804257454174469,0.3001544240376604,0.06979167467686402,1.9470625507956025,0.020563549080381285,0.005580759862775681,0.3104389771252163,0.1370554669423924,2.5085370847191957
0.02061216267158786,0.009803449882123836,0.3001522636236616,0.06978837669898312,1.9470519039670529,0.02061216267158786,0.00558052067332014,0.310220762739089,0.21751754440227905,2.4993903282670122
0.020660776262794434,0.009802638653117878,0.30015026710049114,0.06978502064507551,1.947038782662403,0.020660776262794434,0.005577295013626079,0.3094815011521909,4.422877287277879,4.55962824281946
0.02070938985400101,0.009801823506103315,0.3001483994043088,0.06978161538666475,1.947023481674763,0.02070938985400101,0.005577067105548121,0.309388229193097,4.489513876232832,4.548050601132591
0.020758003445207583,0.009801004215277367,0.300146633834662,0.06977816832404306,1.9470062462885784,0.020758003445207583,0.005576839562924405,0.3092954043635593,4.553090690294538,4.536673822183896
0.020806617036414163,0.009800180585360554,0.30014494998012,0.06977468557391676,1.9469872791034877,0.020806617036414163,0.005576612420774082,0.30920302181740106,4.613642684315833,4.525503760827239
0.020855230627620736,0.009799352447211992,0.3001433321662579,0.06977117215187839,1.9469667464791462,0.020855230627620736,0.005576385710380306,0.30911107594036763,4.671212847066837,4.514544427292363
0.02090384421882731,0.009798519654195563,0.30014176831226336,0.06976763213236394,1.9469447840193064,0.02090384421882731,0.005576159459840139,0.3090195604467,4.725850865242818,4.503798196338352
0.020952457810033884,0.009797682079899901,0.3001402491129431,0.06976406877423223,1.9469215005671425,0.020952457810033884,0.005575933694647601,0.3089284685245617,4.7776121368330475,4.493265975383638
0.02100107140124046,0.009796839618304317,0.3001387675077382,0.06976048459263326,1.9468969797311848,0.02100107140124046,0.005575708439008936,0.30883779303927467,4.8265570444032795,4.48294732380251
0.021049684992447037,0.00979599218857808,0.3001373184550036,0.06975688134591057,1.9468712771644094,0.021049684992447037,0.005575483718787032,0.3087475268639979,4.872750362157292,4.472840509053258
0.021098298583653613,0.00979513974344317,0.30013589893897435,0.06975325996771622,1.9468444147426618,0.021098298583653613,0.005575259567568647,0.30865766340706247,4.9162608993797665,4.462942494816196
0.021146912174860186,0.009794282252550728,0.3001345072108538,0.06974962095517304,1.9468163970394687,0.021146912174860186,0.005575036027889394,0.3085681967575652,4.957163701512369,4.453249080417218
0.021195525766066762,0.009793419621375601,0.30013313986963186,0.06974596591122155,1.946787285210109,0.021195525766066762,0.005574813125657303,0.30847911997975425,4.99554968879294,4.4437558039270675
0.021244139357273338,0.00979255168332755,0.3001317914215521,0.06974229771470067,1.9467572043705372,0.021244139357273338,0.005574590854618559,0.30839042425521374,5.031530565117281,4.434458502875098
0.021292752948479914,0.00979167830502065,0.3001304577774711,0.0697386179919914,1.9467262359404844,0.021292752948479914,0.005574369203627344,0.30830210219961707,5.065208746277545,4.425351660551034
0.021341366539686487,0.009790799398173494,0.30012913667408747,0.06973492653650276,1.9466943997179145,0.021341366539686487,0.005574148165496563,0.3082141494070075,5.096658782367956,4.416427524862437
0.021389980130893063,0.009789914900029352,0.3001278269760083,0.0697312227004873,1.9466616930675187,0.021389980130893063,0.0055739277430170145,0.30812656313310793,5.125960982652016,4.407677551284023
0.02143859372209964,0.009789024758404244,0.30012652810781554,0.06972750598180719,1.9466281099479568,0.02143859372209964,0.00557370794721077,0.3080393416812248,5.153214392522669,4.399093114486032
0.021487207313306212,0.00978812891992577,0.30012523962443605,0.06972377592878128,1.9465936443565413,0.021487207313306212,0.00557348879018902,0.3079524845090017,5.178527724696472,4.390665379771273
0.021535820904512788,0.009787227326137845,0.3001239610660829,0.06972003204205865,1.9465582899381082,0.021535820904512788,0.005573270282076248,0.30786599231472933,5.202013127380743,4.382385254879503
0.021584434495719364,0.00978631991291464,0.3001226919303386,0.06971627374482037,1.9465220393533276,0.021584434495719364,0.00557305243045017,0.30777986699593424,5.223783657795237,4.3742434723000425
0.02163304808692594,0.00978540661034709,0.3001214316638725,0.06971250037977118,1.9464848839358604,0.02163304808692594,0.005572835240440766,0.3076941115147334,5.243951852826172,4.3662307151702935
0.021681661678132513,0.009784487342454403,0.3001201796507429,0.0697087112143332,1.9464468135906892,0.021681661678132513,0.005572618714855813,0.307608729720821,5.262628515125158,4.3583377523141085
0.02173027526933909,0.009783562026625564,0.30011893519481775,0.06970490544807426,1.9464078168387462,0.02173027526933909,0.005572402854307462,0.30752372612116424,5.279921549375423,4.350555564692249
0.021778888860545666,0.009782630572850086,0.30011769749736106,0.06970108222082158,1.9463678809463418,0.021778888860545666,0.005575091994893222,0.30565832343169747,1.3240367246607907,2.364652038724948
0.02182750245175224,0.009781692882694629,0.3001164656304562,0.06969724062087958,1.9463269921028648,0.02182750245175224,0.005574878791668078,0.3054970594155209,1.3434880018213824,2.361735719908757
0.021876116042958815,0.009780748848086017,0.30011523850605937,0.0696933796932168,1.9462851356252993,0.021876116042958815,0.005580745455397257,0.29298345876946924,0.5368539750428759,2.141227195887872
0.02192472963416539,0.009779798349750159,0.30011401484013084,0.06968949844737209,1.9462422961763544,0.02192472963416539,0.005571546001061191,0.3071875933491313,5.337258696147922,4.3203673568032475
0.021973343225371963,0.009778841255388955,0.3001127931111301,0.06968559586627329,1.9461984580001872,0.021973343225371963,0.005580284259464523,0.2929580217597496,0.5717270755829301,2.13712017797663
0.02202195681657854,0.00977787741737993,0.30011157151089124,0.06968167091466763,1.946153605158022,0.02202195681657854,0.00557112143254861,0.30702192233479714,5.360067109588827,4.305734531981767
0.022070570407785116,0.009776906669998616,0.3001103478866686,0.06967772254862052,1.9461077217751603,0.022070570407785116,0.005573826140965332,0.30472569964721963,1.4238738736304701,2.3484027778041017
0.022119183998991692,0.009775928825994215,0.3001091196719334,0.06967374972583552,1.9460607922934692,0.022119183998991692,0.005579596825755034,0.29292019129007707,0.6177983202962781,2.1318185710248985
0.022167797590198265,0.009774943672398936,0.3001078838034197,0.06966975141712356,1.9460128017351443,0.022167797590198265,0.005570489171487166,0.3067764904290039,5.388592950536978,4.284227907843414
0.02221641118140484,0.009773950965370743,0.3001066366215224,0.06966572661963488,1.9459637359882282,0.02221641118140484,0.005573204250861065,0.30429055791330123,1.4613352662879453,2.3410704249776124
0.022265024772611414,0.009772950423945364,0.3001053737509789,0.06966167437253806,1.9459135821353604,0.022265024772611414,0.005572998399012952,0.3041500422674375,1.472391814933825,2.338697584392617
0.02231363836381799,0.009771941722454366,0.3001040899582284,0.06965759377562687,1.9458623288567143,0.02231363836381799,0.005569862124104827,0.3065347855190915,5.411608406415497,4.263148426428718
0.02236225195502457,0.00977092448146823,0.3001027789826923,0.0696534840121424,1.9458099669626716,0.02236225195502457,0.005569654203373501,0.30645504522243716,5.418257466180698,4.256201483690929
0.022410865546231142,0.009769898257149095,0.3001014333391225,0.06964934437741192,1.9457564901303066,0.022410865546231142,0.005572384762469929,0.3037418163987177,1.5019059192882296,2.3317355173703724
0.02245947913743772,0.009768862528892532,0.3001000440886378,0.06964517431506648,1.9457018959355155,0.02245947913743772,0.0055721814081844045,0.3036101039596428,1.5106499948410672,2.3294576903026507
0.022508092728644295,0.009767816685216308,0.30009860057604754,0.06964097346422109,1.9456461872987085,0.022508092728644295,0.005577786750977388,0.2928219337952221,0.7142829214290555,2.1210268019316754
0.022556706319850867,0.009766760007732201,0.30009709012941044,0.06963674172135981,1.9455893744756585,0.022556706319850867,0.0055775624868395135,0.2928099400738643,0.724318809528323,2.1199150880437734
0.022605319911057443,0.009765691652987121,0.30009549771430083,0.06963247932347671,1.945531477765247,0.022605319911057443,0.0055773385132447785,0.29279800586519816,0.7339907044498108,2.11884368135778
0.022653933502264016,0.009764610631526364,0.3000938055295444,0.0696281869602234,1.9454725311550782,0.022653933502264016,0.005577114727152056,0.292786127217163,0.7433164028597099,2.1178101527388424
0.022702547093470592,0.009763515783269495,0.3000919925234869,0.06962386592660437,1.9454125872214265,0.022702547093470592,0.00557689098383866,0.29277429878367117,0.7523108261664161,2.116812443600079
0.022751160684677165,0.009762405747632767,0.3000900338014845,0.0696195183285757,1.9453517236958138,0.022751160684677165,0.005576667081805301,0.2927625133865356,0.7609856935419591,2.1158488505693196
0.02279977427588374,0.009761278926392732,0.30008789988952106,0.06961514735595516,1.9452900522137486,0.02279977427588374,0.005576442741469373,0.29275076132967287,0.7693488786569807,2.1149180295458567
0.022848387867090317,0.00976013343683549,0.3000855558174163,0.06961075763571739,1.9452277297887128,0.022848387867090317,0.005576217573134497,0.2927390293062411,0.777403236015862,2.1140190281210542
0.02289700145829689,0.009758967052490016,0.3000829599906148,0.06960635567634331,1.9451649734855039,0.02289700145829689,0.005575991024888385,0.2927272985908855,0.7851444711007106,2.1131513649272056
0.022945615049503466,0.009757777128756367,0.300080062829401,0.06960195041515534,1.945102078689249,0.022945615049503466,0.005575762290964901,0.2927155419410195,0.7925571544644535,2.112315194785483
0.02299422864071004,0.009756560510327531,0.3000768051563343,0.06959755389291378,1.945039441572284,0.02299422864071004,0.005575530137285787,0.2927037180114544,0.7996068392554816,2.111511650573637
0.023042842231916615,0.009755313415511729,0.30007311628487693,0.06959318212124634,1.9449775874947692,0.023042842231916615,0.005656127342651062,0.29481210017408876,0.5884385479337308,2.0716800854390565
0.023091455823123188,0.009754031287293675,0.3000689116710615,0.06958885629314111,1.944917210051014,0.023091455823123188,0.005569503321829226,0.30207946912904865,1.5856800296767979,2.3013472346751658
0.023140069414329768,0.009752708589624216,0.3000640897858803,0.06958460467548568,1.9448592326364302,0.023140069414329768,0.005566269872950853,0.3052296522675036,5.474032973982244,4.149049392970532
0.023188683005536344,0.009751338496743938,0.3000585272409342,0.0695804660905651,1.9448049276961448,0.023188683005536344,0.0055744859704414135,0.2926533783921669,0.8207041373069207,2.1087722008913823
0.02323729659674292,0.009825351505049687,0.3006765552791915,0.07309610890828133,1.956123432776929,0.02323729659674292,0.0055617844824012806,0.3017664759302951,5.166359386153775e7,15.495005477563641
0.023285910187949493,0.009824781221071416,0.30067588414172114,0.07308882685571268,1.9561343378142817,0.023285910187949493,0.005562034952936958,0.30168415341082294,320295.009838522,18.89727155162094
0.02333452377915607,0.009824145786733154,0.30067489065953945,0.07308056391724371,1.956142307355835,0.02333452377915607,0.005567299284099559,0.2926352922774207,47519.3245199971,10.566442700692741
0.02338313737036264,0.009823450544225587,0.30067359119170245,0.0730714672613289,1.9561478368326817,0.02338313737036264,0.005567071629718122,0.2926240774085963,14421.37186925356,7.212108509694392
0.023431750961569218,0.009822698201041336,0.30067198350072233,0.07306165792298763,1.9561515008829906,0.023431750961569218,0.005566836117964725,0.2926128312010029,6139.007975697291,5.568573199023508
0.02348036455277579,0.009821890035902135,0.30067005885452347,0.07305123359125615,1.956153836564225,0.02348036455277579,0.005566599129401691,0.29260159959058346,3191.961029353242,4.658997558230026
0.023528978143982367,0.009821027491029321,0.3006678214146228,0.07304026962949604,1.9561551370693167,0.023528978143982367,0.0055579910704093224,0.30466626527576807,1898.3215743382639,5.410194368739948
0.023577591735188943,0.00982011319598293,0.3006653021699678,0.07302882057740823,1.9561553033074985,0.023577591735188943,0.005557774470477297,0.30459571105172406,1238.4470706186084,5.145773124134678
0.023626205326395523,0.00981915095430753,0.3006625562792914,0.07301692410260474,1.9561538905286666,0.023626205326395523,0.005557559238858953,0.3045255204403932,866.8940096493263,4.975408880627052
0.023674818917602095,0.00981814550777874,0.3006596487614335,0.07300460753645899,1.9561503020599296,0.023674818917602095,0.0055573456140040715,0.30445569866079303,640.4393251279139,4.860878272940087
0.02372343250880867,0.009817102898715438,0.3006566424304933,0.07299189548385471,1.9561439712296291,0.02372343250880867,0.005557133817811333,0.30438625024799987,493.78190278667654,4.781926069438478
0.023772046100015244,0.009816030679198815,0.30065359295609856,0.07297881618353919,1.9561344608490312,0.023772046100015244,0.00555692408000919,0.30431717898228455,393.8990758521869,4.726306621522778
0.02382065969122182,0.009814936920365372,0.30065054664965296,0.07296540425008836,1.9561215057486745,0.02382065969122182,0.005556716674020065,0.3042484897112811,323.0373861106556,4.686753005760012
0.023869273282428393,0.009813828599194248,0.3006475382100809,0.07295169911494534,1.9561050191919396,0.023869273282428393,0.005556511894846392,0.3041801871022977,270.9980198119671,4.65856432494886
0.02391788687363497,0.009812710625915417,0.3006445895641116,0.07293774116345773,1.9560850675826456,0.02391788687363497,0.005556310009561348,0.3041122746053733,231.63641892667556,4.638596025722901
0.023966500464841545,0.009811585821666724,0.30064171065357403,0.07292356838208569,1.9560618301879247,0.023966500464841545,0.005556111256517109,0.3040447549177341,201.09871495261038,4.624687894941728
0.024015114056048118,0.009810455381133955,0.30063890146169125,0.0729092148188791,1.956035563456317,0.024015114056048118,0.005555915838200711,0.303977629755671,176.87464585295155,4.615275472828238
0.024063727647254694,0.009809319382900437,0.30063615426610646,0.07289471052531485,1.9560065770857533,0.024063727647254694,0.005555723909351384,0.3039109000916654,157.28391189082478,4.60922427307939
0.024112341238461274,0.009808177181301352,0.3006334555351492,0.07288008215207338,1.9559752194260795,0.024112341238461274,0.0055555355937404035,0.30384456599074383,141.16221849143585,4.605625431081428
0.024160954829667847,0.009807027674729824,0.30063078720658976,0.07286535362362052,1.9559418680062712,0.024160954829667847,0.0055553509881230536,0.30377862716546605,127.69020779554441,4.603777461565356
0.024209568420874423,0.009805869497893863,0.3006281270438632,0.07285054666361224,1.9559069218185314,0.024209568420874423,0.005555170167793536,0.3037130829270542,116.27715640347895,4.603112299888616
0.024258182012080996,0.009804701218177246,0.3006254471117652,0.07283568114434062,1.9558707901019066,0.024258182012080996,0.005554993189829454,0.3036479319510662,106.48693030476801,4.603135870318406
0.024306795603287572,0.009803521319216725,0.3006227071883562,0.07282077553576011,1.955833864693476,0.024306795603287572,0.0055628802822889865,0.2924234823751127,93.49826549856314,3.0988755993801695
0.024355409194494144,0.009802313668391014,0.30061986293864895,0.07280585404471096,1.9557966456422582,0.024355409194494144,0.005562691429823843,0.29241400704282894,86.06299476007399,3.106810524991752
0.02440402278570072,0.009801101634532919,0.300617128559628,0.07279090736594995,1.9557603869206124,0.02440402278570072,0.005562507618981191,0.2924046487511903,79.4884651282398,3.114108376689552
0.024452636376907297,0.00979989483568145,0.30061435852801277,0.0727759456196005,1.955724968588413,0.024452636376907297,0.00555737204276284,0.29971352526030454,74.31513918791666,3.2261830331914525
0.02450124996811387,0.009798666234882035,0.3006114143582561,0.07276099530538804,1.9556904513106446,0.02450124996811387,0.005557216016472085,0.2996466089306294,69.06319659403432,3.230413603496494
0.02454986355932045,0.009797420115067047,0.30060832097517903,0.07274605745661694,1.9556571448360958,0.02454986355932045,0.005561980471949376,0.29237727605313485,63.648812275838935,3.129712239907691
0.024598477150527025,0.009796159041152178,0.30060509390427387,0.0727311325208074,1.955625098136561,0.024598477150527025,0.005556917467458382,0.2995158084863586,60.02050079160179,3.234584364669981
0.024647090741733598,0.009794884925044085,0.3006017510612307,0.07271622007190524,1.9555941486523465,0.024647090741733598,0.005556775354382392,0.29945188091025643,56.09731411561615,3.2342211073022256
0.024695704332940174,0.009793599503025682,0.30059831489213545,0.07270131912828098,1.9555639950218793,0.024695704332940174,0.005556638015243314,0.2993889056593504,52.50549313153251,3.232118024811585
0.024744317924146747,0.009792304370024258,0.3005948095887366,0.07268642867843156,1.955534278864438,0.024744317924146747,0.005556505223141198,0.29932686068086833,49.20652980275255,3.2282765621306218
0.024792931515353323,0.009791000940189388,0.3005912577891073,0.072671548050191,1.95550465213107,0.024792931515353323,0.005556376585474525,0.29926572357988834,46.168346507195054,3.2227324869890364
0.0248415451065599,0.009789690420136103,0.3005876784667968,0.07265667708275465,1.9554748168290823,0.0248415451065599,0.005556251583367334,0.29920547244287077,43.36454614462485,3.2155741488786362
0.024890158697766472,0.009788373801618157,0.30058408618683385,0.07264181615682964,1.9554445398667841,0.024890158697766472,0.005556129613331694,0.29914608559229816,40.77281981222702,3.2069207708929617
0.02493877228897305,0.009787051864458312,0.300580491269253,0.07262696614571638,1.9554136529653545,0.02493877228897305,0.005556010021775745,0.2990875418622581,38.37412727992247,3.1969174502879203
0.02498738588017962,0.00978572518374198,0.3005769003635017,0.0726121283313792,1.9553820466270255,0.02498738588017962,0.00555589213460824,0.2990298208419563,36.152129248857435,3.1857337410066227
0.0250359994713862,0.009784394141638068,0.3005733171288625,0.07259730431116287,1.9553496634222354,0.0250359994713862,0.005555775278598768,0.2989729027086474,34.092431406156365,3.1735473795835927
0.025084613062592777,0.00978305895103827,0.3005697429396361,0.07258249590277108,1.9553164927756082,0.025084613062592777,0.005555658803047165,0.298916768738211,32.18232831866151,3.1605450288190537
0.02513322665379935,0.009781719723548826,0.30056617789807494,0.07256770501960273,1.9552825681376078,0.02513322665379935,0.005555542093568885,0.2988614011839657,30.410362816446202,3.146910823870709
0.025181840245005926,0.009780376861199348,0.300562624731882,0.07255293323018776,1.9552479718520732,0.025181840245005926,0.0055554245996627385,0.2988067837111819,28.76613053246118,3.1328236982161903
0.025230453836212502,0.009779030296992971,0.3005591032960451,0.07253818133874546,1.9552128759730436,0.025230453836212502,0.005555305989059844,0.29875290144939276,27.239699400981507,3.11842978762573
0.025279067427419075,0.009777673147106697,0.3005554827005661,0.07252346168386319,1.9551770447631178,0.025279067427419075,0.005555185463774973,0.2986997418900439,25.82293239907895,3.1039262101239093
0.02532768101862565,0.009776313502081954,0.3005518944584597,0.07250876448927374,1.9551409845334047,0.02532768101862565,0.005555062805294809,0.2986472936496952,24.507707201322148,3.0894641346418616
0.025376294609832224,0.009774948296296663,0.3005482995316937,0.07249409454989929,1.955104708423468,0.025376294609832224,0.005554937745464822,0.2985955486310233,23.286093282250505,3.075157601697089
0.0254249082010388,0.009773577137246343,0.30054469264961015,0.07247945293477784,1.9550682796453176,0.0254249082010388,0.005554810066805579,0.29854450157109014,22.15080919218398,3.0611162957559173
0.025473521792245372,0.009772199938302585,0.300541074042105,0.07246483962066362,1.9550317219960331,0.025473521792245372,0.00555467959832287,0.29849415086446074,21.094952087326856,3.0474335846634006
0.025522135383451952,0.00977081684955189,0.30053744693326523,0.07245025366768958,1.954995013884397,0.025522135383451952,0.005554546195259371,0.29844449964138475,20.111943569959834,3.034188622800083
0.02557074897465853,0.00976942819495045,0.30053381638901844,0.07243569344100843,1.954958099001538,0.02557074897465853,0.0055544097220268755,0.29839555742128265,19.19543554352024,3.0214471452770395
0.025619362565865104,0.009768034394939234,0.3005301882829157,0.07242115690376522,1.9549209024576069,0.025619362565865104,0.00555447827381806,0.2984316166154393,20.46714804423469,3.3029808763953317
0.025667976157071677,0.009766635892639857,0.30052656846170245,0.07240664189360461,1.9548833451880236,0.025667976157071677,0.005554126987851147,0.298299887850828,17.53712041372829,2.997696565385355
0.025716589748278253,0.0097652330989667,0.3005229622060192,0.0723921463229814,1.9548453533512058,0.025716589748278253,0.005554572356925856,0.299582127255631,17.070299252047363,4.326969071438548
0.025765203339484826,0.009763826360274565,0.30051937396397416,0.07237766829261096,1.9548068628868764,0.025765203339484826,0.005554012092484985,0.29826792162213195,18.108711380897102,3.232188804161507
0.025813816930691402,0.009762415944523645,0.30051580727125987,0.07236320613541913,1.9547678209203054,0.025813816930691402,0.005553850566219686,0.2982144917013539,17.41239083142797,3.2082998943346785
0.025862430521897975,0.009761002040514699,0.3005122647775644,0.07234875841940701,1.9547281857317425,0.025862430521897975,0.005553685948651787,0.29816166069023486,16.753378785889772,3.184210638660736
0.02591104411310455,0.00975958476571821,0.30050874832261854,0.07233432392915087,1.9546879262511014,0.02591104411310455,0.005553518304207323,0.2981095097521884,16.12807317738838,3.1600270721626305
0.025959657704311127,0.009758164180550564,0.30050525904030173,0.07231990164169676,1.9546470214264577,0.025959657704311127,0.005557115563424264,0.29286252543428454,6.851556062893924,4.72196697393483
0.026008271295517707,0.009756740308984204,0.3005017974915718,0.07230549070336717,1.9546054593286197,0.026008271295517707,0.005557541910865254,0.2921764457332112,14.38082025021187,3.029843609740265
0.02605688488672428,0.00975531316857766,0.30049836385497053,0.07229109041139531,1.9545632356086942,0.02605688488672428,0.005557349486515901,0.2921641827375711,13.852262373260958,3.0083745386264766
0.026105498477930856,0.009753882818288605,0.3004949582382844,0.07227670020001493,1.9545203505780382,0.026105498477930856,0.00555715525202642,0.29215300089509755,13.358527169766937,2.9894486294007465
0.02615411206913743,0.009752449444471597,0.3004915812574554,0.07226231962781299,1.9544768034197293,0.02615411206913743,0.005549683406535153,0.3013935747464978,17.232470599780505,4.330348634322101
0.026202725660344005,0.009751013537424209,0.30048823524690793,0.07224794835526477,1.9544325798381939,0.026202725660344005,0.005556762329547413,0.2921341329867255,12.483476093647031,2.9614435340650873
0.026251339251550578,0.009749576309022793,0.3004849271469925,0.07223358607095125,1.9543876223977816,0.026251339251550578,0.005549330447949954,0.301285905830749,16.42353915320136,4.30620062967742
0.026299952842757154,0.009748140860516535,0.30048167663447384,0.0722192321926334,1.954341746690028,0.026299952842757154,0.005556363758251829,0.2921192290858324,11.7533156566501,2.946362978418318
0.026348566433963726,0.009746716144381523,0.3004785438895453,0.07220488454563401,1.954294352860024,0.026348566433963726,0.0055519130124025585,0.2976961756146264,12.008244377152188,3.0233784599729043
0.026397180025170303,0.009745327088312038,0.3004756938468214,0.0721905428954592,1.9542437470521352,0.026397180025170303,0.005551727420588753,0.2976566017951116,11.714693136036137,3.021206532910216
0.02644579361637688,0.00974378140467279,0.3004715377605514,0.0721764730444984,1.9542067152532279,0.02644579361637688,0.005551533076357161,0.29761786140525415,11.448375014364668,3.0212320433960476
0.02649440720758346,0.009742095154189384,0.3004668148502921,0.07216207652191022,1.9541737916148432,0.02649440720758346,0.005551328842466228,0.2975799100919223,11.208751260039254,3.0235763915315075
0.02654302079879003,0.00974053857020414,0.3004630133430828,0.07214770973371025,1.954131414778133,0.02654302079879003,0.0055511256944657415,0.2975428212069161,10.986185554185374,3.026963767881695
0.026591634389996607,0.009739022372123788,0.3004595113646388,0.07213338125864266,1.9540859583621004,0.026591634389996607,0.005550922108117316,0.29750656549904436,10.779612812181506,3.031347885036928
0.02664024798120318,0.009737516707945912,0.30045611980113185,0.07211907645678962,1.9540392104435902,0.02664024798120318,0.005550717662004663,0.29747113866971003,10.587661431914608,3.0366340419851463
0.026688861572409756,0.00973600982326397,0.3004527607420675,0.07210479509850648,1.953991867372442,0.026688861572409756,0.00555464700376312,0.29208222162321346,9.85257393004406,2.9671881171365238
0.02673747516361633,0.00973449764543549,0.3004494002279929,0.07209053806159392,1.9539443183209084,0.02673747516361633,0.005554424725233897,0.29207976716168904,9.687953136314809,2.974734006927867
0.026786088754822905,0.009732980372993725,0.3004460285491099,0.07207630513289909,1.9538968393957812,0.026786088754822905,0.005554201921110053,0.292077874745778,9.533886861067863,2.982842295361185
0.02683470234602948,0.009731457949302715,0.30044264133095044,0.07206209706017344,1.9538496460682062,0.02683470234602948,0.005553978857671657,0.29207660826137716,9.389108180875466,2.991387136378159
0.026883315937236054,0.009729928706162098,0.3004392335581518,0.07204791612457072,1.953802916626738,0.026883315937236054,0.0055537558339045605,0.29207606266209357,9.252277343954498,3.000229644722482
0.02693192952844263,0.009728390625851211,0.3004357992433107,0.07203376546828044,1.9537568058368697,0.02693192952844263,0.00555385021297585,0.29267845521718566,15.657066491882143,5.173355124593553
0.02698054311964921,0.009726842081180223,0.30043233164461164,0.07201964876624109,1.9537114558488582,0.02698054311964921,0.005553382770594164,0.29225036472829796,7.879087574122813,3.1343828334197363
0.027029156710855783,0.009725281720227553,0.3004288233908397,0.07200556974207599,1.9536670041954,0.027029156710855783,0.005553091190661394,0.2920809704058748,8.868778361050712,3.026563614941545
0.02707777030206236,0.009723708154896687,0.3004252655855438,0.07199153062979337,1.953623586513401,0.02707777030206236,0.005688184045995238,1.156027322912117,57.339098479912835,26.6434247261816
0.02712638389326893,0.009722119619279296,0.3004216459438575,0.07197753089123779,1.9535813466741645,0.02712638389326893,0.005556246617759448,0.3849929575234674,10.886450470130665,9.095108642984043
0.027174997484475508,0.009720513480149512,0.3004179461908339,0.07196356816171598,1.9535404711583204,0.027174997484475508,0.005552451498246921,0.30289893772833154,7.118612325659848,4.759385450912664
0.027223611075682084,0.009718884998842823,0.3004141353205212,0.07194963946815167,1.9535012675003607,0.027223611075682084,0.005546647755067955,0.3043088434454019,13.055233293946486,5.153726355016687
0.027272224666888657,0.009717222737860298,0.30041014188109105,0.07193573947907082,1.9534644512330903,0.027272224666888657,0.005552495534005522,0.2941874891111416,7.010733213333944,4.371892793068626
0.027320838258095233,0.00971548592854594,0.30040571951054956,0.0719218459136126,1.9534325275224318,0.027320838258095233,0.005551572526207014,0.29217545878960005,6.390366461333508,3.249465470536115
0.027369451849301802,0.009713569116750035,0.30040001907052083,0.07190808388658967,1.9534144314125268,0.027369451849301802,0.0055513437590330285,0.2921683968217263,6.393143112925666,3.2572752092669295
0.027418065440508375,0.009711939392538761,0.30039615931207664,0.07189443437788817,1.9533771511571627,0.027418065440508375,0.005551094150502775,0.2921619916680811,6.39992050744431,3.2654717146494256
0.02746667903171495,0.009710347686519427,0.3003927967353669,0.0718806545074355,1.9533348208161145,0.02746667903171495,0.005550854403795595,0.2921565082735911,6.404875939678373,3.27240062066261
0.02751529262292153,0.009708724745530613,0.3003892611981598,0.07186690885922023,1.9532947110983068,0.02751529262292153,0.005550618590168681,0.292151954705553,6.410366248743434,3.278567421990261
0.027563906214128107,0.009707087683773886,0.3003856676717385,0.07185319263199574,1.9532555654015897,0.027563906214128107,0.005543742744207249,0.3001555227086043,10.630196588822505,4.4221597213487325
0.02761251980533468,0.009705441747534186,0.30038205014853153,0.0718395045189118,1.9532170031839156,0.02761251980533468,0.005543531817035582,0.3001131429426944,10.635363867200033,4.4218440174024
0.027661133396541256,0.009703788966012945,0.30037842071170207,0.07182584402597124,1.9531788778391082,0.027661133396541256,0.005543321948582017,0.3000719813350119,10.642749704006588,4.421339431045947
0.02770974698774783,0.009702130306767382,0.300374784511758,0.07181221083233712,1.953141115474097,0.02770974698774783,0.0055431130853286934,0.30003208388679237,10.652302982693904,4.420730382019098
0.027758360578954405,0.009700466304695055,0.300371144070896,0.0717986046761342,1.9531036689757864,0.027758360578954405,0.005545670398785138,0.29688070971970404,6.9762881309040825,3.3608691987339516
0.027806974170160977,0.009698797284023798,0.30036750076281615,0.07178502534630142,1.953066502527093,0.027806974170160977,0.005545456355934521,0.2968576834422979,6.990914271012421,3.365109915485582
0.027855587761367553,0.00969712344849717,0.30036385538093296,0.07177147269971516,1.953029585944544,0.027855587761367553,0.005545243094313407,0.29683607844813087,7.006028308213113,3.3694835329230837
0.02790420135257413,0.009695444922107433,0.3003602083644642,0.07175794668692181,1.9529928927388993,0.02790420135257413,0.005545030504749651,0.2968158897523136,7.020642144880661,3.3740463414954713
0.027952814943780702,0.009693761769129033,0.3003565598815475,0.0717444473809234,1.952956399739856,0.027952814943780702,0.005544818450245829,0.29679708723526926,7.03371258247686,3.378819298884307
0.028001428534987282,0.009692074004988366,0.3003529098528136,0.07173097500568658,1.9529200873740882,0.028001428534987282,0.005544606777182319,0.29677961412055737,7.044293916461831,3.383784003125656
0.028050042126193858,0.00969038160314639,0.3003492579539673,0.07171752995786748,1.952883940065181,0.028050042126193858,0.0055428263605579176,0.296387788669638,1.9784087783396715,3.0298670360636786
0.02809865571740043,0.009688684501079757,0.3003456036258134,0.0717041128183272,1.9528479464710928,0.02809865571740043,0.0055451457586224474,0.2921761734495618,7.734120709929663,5.202365620431343
0.028147269308607007,0.009686982606657058,0.30034194610259757,0.07169072434649869,1.9528120993219515,0.028147269308607007,0.005546246970053023,0.291759379637549,1.2489343633481327,2.6764318979065775
0.02819588289981358,0.009685275805712984,0.3003382844669284,0.07167736545968252,1.9527763948915864,0.02819588289981358,0.005544470932889149,0.2923911319929762,8.150194896985436,5.641149844527776
0.028244496491020156,0.009683563970188103,0.3003346177225541,0.07166403720016429,1.9527408322628923,0.028244496491020156,0.005544124189958508,0.2926350814333048,8.482140796202858,5.931340780279944
0.028293110082226732,0.00968184696573238,0.3003309448689301,0.07165074069998528,1.952705412760634,0.028293110082226732,0.005546962462090816,0.29222382100892536,6.54671000541919,3.361489269168865
0.028341723673433305,0.00968012465757484,0.30032726495766604,0.07163747715085561,1.95267013989915,0.028341723673433305,0.005546539392001419,0.2918820242324109,4.347820994591616,2.5795645915447074
0.02839033726463988,0.009678396914362066,0.30032357711517726,0.07162424777560343,1.9526350198681588,0.02839033726463988,0.005546315472725282,0.2918746042857231,4.313658015076079,2.5652889150622564
0.028438950855846454,0.009676663611677369,0.3003198805377037,0.07161105378305821,1.9526000620506705,0.028438950855846454,0.0055460457534902245,0.29187670010359557,4.3637277192614174,2.573428824015337
0.028487564447053033,0.009674924638217258,0.3003161744873053,0.07159789627015145,1.9525652784171208,0.028487564447053033,0.005545788297662169,0.29187741509020365,4.390606040561458,2.577016986448015
0.02853617803825961,0.009673179908423379,0.30031245834508175,0.07158477600899393,1.952530680080092,0.02853617803825961,0.005545481846325346,0.29182156559894246,3.97799922180617,2.45802329376949
0.028584791629466182,0.00967142938897013,0.30030873183860884,0.0715716928564632,1.9524962665338252,0.028584791629466182,0.005545201939247168,0.2917943335767913,3.7839234181419914,2.4056304493235094
0.02863340522067276,0.00966967319978329,0.30030499613761064,0.07155864217718255,1.9524619700504366,0.02863340522067276,0.005544929408224066,0.29177522592340405,3.6607778252506593,2.3731076353388354
0.02868201881187933,0.009667911202384952,0.3003012501234189,0.07154564414243475,1.9524280233586544,0.02868201881187933,0.005544659833505729,0.2917596456436847,3.571738922229375,2.349817063244303
0.028730632403085907,0.009666142270285947,0.3002974775595276,0.07153269127718986,1.9523945645564686,0.028730632403085907,0.005544392067032505,0.2917461331021772,3.504259628091806,2.3321886613312826
0.028779245994292484,0.009664368306577973,0.30029370215877665,0.07151976802306155,1.9523610942924925,0.028779245994292484,0.0055441252172192335,0.2917340009100072,3.4525294006081566,2.3185666573922994
0.028827859585499056,0.00966258899755791,0.300289919136929,0.07150687883592763,1.9523277185513888,0.028827859585499056,0.005543858962611253,0.2917228702400503,3.4133312531291775,2.308019609522358
0.028876473176705632,0.009660804444532415,0.3002861290576034,0.07149402339780153,1.9522944160109577,0.028876473176705632,0.0055435930898309034,0.2917125113394648,3.384672289095146,2.299956376323588
0.028925086767912205,0.009659014801844565,0.30028233331859977,0.07148120071053826,1.952261144552433,0.028925086767912205,0.005543327454263397,0.2917027743740275,3.365253391263967,2.2939736623042957
0.028973700359118785,0.00965722022205587,0.3002785335397844,0.07146840975773751,1.9522278570285412,0.028973700359118785,0.005543061950774569,0.2916935567571278,3.354194395199265,2.2897786584221063
0.02902231395032536,0.009655420833049828,0.30027473135351446,0.07145564976297487,1.9521945071050606,0.02902231395032536,0.005542796497581208,0.29168478562728106,3.350882151085102,2.287147016367195
0.029070927541531934,0.009653616722801767,0.3002709282877762,0.07144292034181711,1.9521610526136874,0.029070927541531934,0.00554253102694565,0.2916764076206367,3.3548791907267703,2.2858984286934154
0.02911954113273851,0.009651807928719502,0.3002671256946773,0.07143022159170805,1.9521274576390735,0.02911954113273851,0.0055422654802399695,0.2916683824998213,3.365865065703912,2.285881831175179
0.029168154723945086,0.009649994431366304,0.30026332470613654,0.07141755412185194,1.9520936937535671,0.029168154723945086,0.005541999805238494,0.2916606789521418,3.383596220059389,2.28696624065785
0.02921676831515166,0.009648176152407203,0.3002595261922047,0.07140491902190144,1.9520597409071274,0.02921676831515166,0.005541733955506707,0.2916532717156474,3.4078775244549266,2.2890351459653377
0.029265381906358235,0.009646352955556318,0.3002557306818679,0.0713923177753234,1.9520255887733498,0.029265381906358235,0.005541467890592216,0.2916461395522238,3.438541490573221,2.291983210697757
0.029313995497564808,0.009644524648616256,0.30025193820522544,0.07137975214063982,1.9519912396073067,0.029313995497564808,0.005541201577348098,0.29163926382375555,3.475433414838993,2.295714521974793
0.029362609088771384,0.009642690983752757,0.3002481480308546,0.07136722403305527,1.9519567133256253,0.029362609088771384,0.0055409349914401565,0.29163262752105257,3.518401468960337,2.3001418379720566
0.029411222679977957,0.009640851653360118,0.3002443583204888,0.07135473545214126,1.9519220546562512,0.029411222679977957,0.0055406681186376885,0.29162621465705,3.567291121263795,2.305186402822651
0.029459836271184536,0.009639006278300086,0.30024056576499675,0.07134228851412841,1.9518873413058044,0.029459836271184536,0.005540400955205949,0.2916200099574057,3.6219436686925444,2.3107780040283967
0.029508449862391112,0.009637154379802488,0.30023676519733855,0.07132988569273775,1.9518526932718538,0.029508449862391112,0.005540133507659019,0.2916139987801611,3.6821988712039224,2.316854991499401
0.02955706345359769,0.009635295300127569,0.3002329487635241,0.07131753055892726,1.9518182914230948,0.02955706345359769,0.005539865795668197,0.2916081671642618,3.7479040374055286,2.3233640196779537
0.02960567704480426,0.009633427983339195,0.30022910342683934,0.07130522995073377,1.9517844324274,0.02960567704480426,0.005539597874266806,0.29160250176955677,3.818941694033848,2.330258989439169
0.029654290636010838,0.00963155263117212,0.3002252338214941,0.0712929937374213,1.951751213840847,0.029654290636010838,0.0055393297614155495,0.2915969893784412,3.8952410254620013,2.33749959988151
0.02970290422721741,0.00962967441008082,0.30022140828197114,0.0712807658582086,1.9517171334136876,0.02970290422721741,0.005539060576104476,0.2915916207077031,3.976317299006179,2.345065956227149
0.029751517818423986,0.009627786592689131,0.30021753677233187,0.07126853461352169,1.9516833169170418,0.029751517818423986,0.005538791094316286,0.29158639317485713,4.062021420320431,2.3529338222743763
0.02980013140963056,0.009625889029516508,0.30021362472550317,0.07125636588580421,1.951650474529779,0.02980013140963056,0.005538521455540076,0.29158129884529144,4.1523651603988645,2.36108244786975
0.029848745000837135,0.009623981780707074,0.30020967572448093,0.07124425080874484,1.9516184946510255,0.029848745000837135,0.005538251461392866,0.2915763317473279,4.247274942765781,2.3694986048248503
0.02989735859204371,0.00962206459408769,0.300205689574922,0.07123218257142654,1.9515873340100016,0.02989735859204371,0.0055379810252419994,0.29157148901434743,4.3466739569851915,2.378172412434048
0.02994597218325029,0.009620137122003275,0.3002016652413158,0.07122015733614549,1.9515569890419315,0.02994597218325029,0.005537710086857875,0.29156677006331294,4.450501134983948,2.387096801564451
0.029994585774456864,0.009618198968285516,0.30019760125588585,0.0712081722629627,1.951527468401622,0.029994585774456864,0.005537438593266194,0.2915621764915625,4.558713190347371,2.396266949596487
0.03004319936566344,0.009616249708947899,0.30019349580557037,0.07119622486569203,1.9514987844579021,0.03004319936566344,0.005537166492979437,0.2915577121040519,4.671284016726457,2.405679751519316
0.030091812956870013,0.009614288915123333,0.30018934675782405,0.07118431280720114,1.9514709500543828,0.030091812956870013,0.00553689373258528,0.2915533829924299,4.788203819478968,2.4153334006734584
0.03014042654807659,0.009612316191834168,0.30018515170575216,0.07117243384319026,1.9514439759462836,0.03014042654807659,0.005536620253305391,0.2915491976472521,4.909477692483468,2.425227012199988
0.03018904013928316,0.009610331242648635,0.3001809080739869,0.071160585832773,1.9514178672174796,0.03018904013928316,0.005536345986837305,0.2915451671117597,5.035124295568731,2.4353603281290463
0.030237653730489738,0.009608333966508287,0.3001766133183396,0.0711487668033241,1.9513926179762657,0.030237653730489738,0.005536070850000395,0.29154130517434884,5.165174439981144,2.4457334696110573
0.030286267321696314,0.009606324581873875,0.30017226524645774,0.0711369750878294,1.951368204486392,0.030286267321696314,0.005535794738032774,0.2915376286212557,5.299669706466964,2.4563467323343104
0.030334880912902887,0.009604303750197375,0.3001678624750835,0.07112520956469333,1.951344578257426,0.030334880912902887,0.005535517515903291,0.291534157539202,5.438661135719028,2.4672004148015736
0.030383494504109463,0.009602272638984888,0.3001634050051595,0.07111346999354044,1.9513216622616552,0.030383494504109463,0.005535239006973547,0.2915309156790484,5.582208027997212,2.4782946751356363
0.030432108095316043,0.009600232853865198,0.30015889485310293,0.07110175729597165,1.9512993536208338,0.030432108095316043,0.005534958977198269,0.2915279308516199,5.7303767061604,2.489629384700903
0.030480721686522615,0.009598186227693473,0.30015433665287033,0.07109007335078464,1.9512775317953766,0.030480721686522615,0.0055346771113636,0.2915252353152324,5.8832394969548405,2.5012039842609046
0.03052933527772919,0.009596134588157295,0.30014973821274266,0.0710784197209216,1.951256063258113,0.03052933527772919,0.0055343929753417535,0.2915228661020499,6.040873710179518,2.513017308612505
0.030577948868935764,0.00959407971021684,0.3001451111510989,0.0710667952500715,1.9512347912197598,0.030577948868935764,0.0055341059557796534,0.29152086523695775,6.2033606663458425,2.5250673648017674
0.03062656246014234,0.009592023537562765,0.3001404717088282,0.07105519364136362,1.9512135112803293,0.03062656246014234,0.005533815166042036,0.2915192798164987,6.370784317290244,2.537351006889091
0.030675176051348917,0.009589968481286574,0.30013584132180243,0.07104360267046439,1.951191951137787,0.030675176051348917,0.005533519299324479,0.2915181618546503,6.543229975956051,2.549863521816166
0.03072378964255549,0.009587917441553682,0.30013124582570583,0.07103200569974602,1.95116977517314,0.03072378964255549,0.005533216387342561,0.29151756761019054,6.720781563459152,2.5625978875597593
0.030772403233762066,0.009585873334581732,0.3001267122592171,0.07102038469962536,1.9511466210683783,0.030772403233762066,0.005532903373340502,0.2915175558330597,6.903518391240837,2.575543614619014
0.030821016824968638,0.00958383827471164,0.30012226360197886,0.07100872328021106,1.9511221576557616,0.030821016824968638,0.005532575303147676,0.2915181839471369,7.09150833004435,2.5886844786172807
0.030869630416175218,0.009581812863380983,0.3001179134575034,0.07099700839699478,1.9510961402706648,0.030869630416175218,0.005532223690815241,0.29151950099948853,7.28479523359143,2.6019940484745625
0.030918244007381794,0.009579795971203184,0.30011366306466947,0.07098523020744614,1.951068438963105,0.030918244007381794,0.005531832935879749,0.29152153785857193,7.48336976162964,2.6154257692217273
0.030966857598588367,0.009577785033089684,0.30010950163912486,0.07097338055647176,1.9510390284620363,0.030966857598588367,0.0055313714944354424,0.2915243114149839,7.687091995853474,2.6288882057887086
0.031015471189794943,0.009575776606387585,0.30010540930794644,0.07096145100498641,1.9510079461516836,0.031015471189794943,0.005530766057513517,0.29152799412580543,7.895430940374193,2.6421703675811523
0.031064084781001516,0.009573767230934966,0.3001013630155631,0.07094943076470281,1.9509752097800575,0.031064084781001516,0.005529803454863038,0.2915349017102169,8.106188685625202,2.654637411400021
0.031112698372208092,0.00955281303537119,0.3009206897535753,0.07656828672676415,1.9483156809329076,0.031112698372208092,0.00552386775078201,0.29158747451728084,668860.7495529889,30.05933145577021
0.031161311963414668,0.009551606002488888,0.3009280368816991,0.07654847585199752,1.9482901146024172,0.031161311963414668,0.005524114823212599,0.2916012372812524,104246.21057024319,19.122868493935446
0.03120992555462124,0.009550017115683984,0.300931450868642,0.07652916224462883,1.948271908273322,0.03120992555462124,0.005524147250811145,0.2916211284125595,33639.922892616516,14.072407376859942
0.03125853914582782,0.009548278401520291,0.30093223477699726,0.07650973184539606,1.9482534757640515,0.03125853914582782,0.00552413576893987,0.29164565840139245,14731.526929276446,11.11179460676583
0.03130715273703439,0.009546570223859173,0.3009319361164936,0.07649010589219854,1.9482340449297566,0.03130715273703439,0.005524132847319641,0.29167618386278144,7815.682578333777,9.348442577646566
0.03135576632824097,0.00954489316104618,0.30093092615319983,0.0764703852080981,1.9482144585434331,0.03135576632824097,0.005524158783015283,0.29171470230353846,4692.743776371517,8.205342411917213
0.03140437991944754,0.009543234238462046,0.3009293938721405,0.07645063711890182,1.948195227026141,0.03140437991944754,0.005535547636501001,0.29383397782528614,3071.221682405249,7.432195013579309
0.03145299351065412,0.009541584149746273,0.30092749109863826,0.07643089324827164,1.9481765175930952,0.03145299351065412,0.00553330752484482,0.29346088350939076,2139.234886073262,6.859298046018392
0.031501607101860694,0.009539936489832734,0.3009253373898192,0.07641115905304627,1.9481582659331704,0.031501607101860694,0.0055310375042757435,0.29308334596690133,1561.746820523508,6.424780600244326
0.03155022069306727,0.009538286401563732,0.3009230207299622,0.07639141450902,1.9481402211647418,0.03155022069306727,0.005528362594948241,0.2926325625970762,1182.0016277543587,6.080857963831781
0.03159883428427385,0.009536635866795103,0.30092063528528507,0.07637159320134604,1.9481218561319982,0.03159883428427385,0.005526346840653459,0.292313029766031,919.717783525432,5.797458511728641
0.03164744787548042,0.009534935751476336,0.3009181138332247,0.07635159275229873,1.9481027307942507,0.03164744787548042,0.005525807333089661,0.2922655328705581,730.8450244271971,5.553926515338489
0.03169606146668699,0.009533200361362161,0.3009154991931212,0.0763313154940274,1.948081756400677,0.03169606146668699,0.005525302977319903,0.29222491089469554,590.3597303562392,5.335742995031923
0.031744675057893565,0.00953141734091457,0.3009128472304937,0.07631070752651614,1.9480588117367088,0.031744675057893565,0.005524847150746143,0.292188275928263,482.79621737248596,5.131927213431828
0.031793288649100145,0.009529611492653283,0.3009103018578247,0.07628982493596233,1.9480343314793431,0.031793288649100145,0.005519776520468692,0.29185437280706783,410.62710540883654,6.209376407345128
0.031841902240306724,0.009527818473140503,0.3009080240106672,0.07626876762876512,1.9480090084310133,0.031841902240306724,0.005524078268747206,0.2921326862229312,333.3903521299212,4.917560185959255
0.0318905158315133,0.00952606402388318,0.30090611838448933,0.07624762990973077,1.9479834615111369,0.0318905158315133,0.005523730731772864,0.292110268691854,277.51460722170793,4.594066729234917
0.03193912942271987,0.009524357709299993,0.30090461605765967,0.07622648747303913,1.9479581583375842,0.03193912942271987,0.00552384325233103,0.30508651042246077,186.15372738426706,7.351718852237317
0.03198774301392645,0.009522695831032216,0.300903494320955,0.0762053931673838,1.947933414606898,0.03198774301392645,0.005518714293815403,0.29774364984044055,247.94838185396182,9.539501497244899
0.03203635660513302,0.009521066512983858,0.3009027082840406,0.07618436770354232,1.9479093730794204,0.03203635660513302,0.005520351479606629,0.2952484769055024,168.0153337085074,4.130334187097151
0.032084970196339595,0.00951945234641708,0.30090216907322953,0.07616340998143334,1.9478859275944769,0.032084970196339595,0.005520149589708332,0.2952351397730444,143.66827237430985,3.999378622399963
0.03213358378754617,0.009517835874946767,0.3009018311034514,0.07614249306657485,1.9478629836210928,0.03213358378754617,0.005519982870310789,0.2952254073571736,123.6111663348065,3.882716640254389
0.03218219737875275,0.00951620839140892,0.3009016744345946,0.0761216110561888,1.9478405505470517,0.03218219737875275,0.0055198409482341065,0.2952195882343973,107.07299106281855,3.7803769328698005
0.03223081096995932,0.009514570873336462,0.30090171726339404,0.07610078234681733,1.9478188097735456,0.03223081096995932,0.005519716452819568,0.29521973113525257,93.42865473632995,3.691977279172103
0.03227942456116589,0.009512928827167007,0.30090199441930865,0.07608003532555553,1.9477980064048606,0.03227942456116589,0.005519624518066407,0.2952223235410205,82.16197583836664,3.616488824255629
0.03232803815237247,0.009511286661176498,0.3009025355350572,0.07605939830657515,1.947778372066821,0.03232803815237247,0.005519548242736053,0.2952312040376245,72.85871799468781,3.552989050907969
0.03237665174357905,0.00950964521558778,0.30090335704344723,0.07603889708427979,1.947760106753553,0.03237665174357905,0.005519495806501795,0.2952428187268908,65.17323354496496,3.500112731581044
0.032425265334785625,0.009508002077581583,0.3009044659497248,0.07601855335780057,1.9477433707681948,0.032425265334785625,0.005519464621144915,0.29526018213902816,58.82220488409852,3.456593449100911
0.0324738789259922,0.009506353735442603,0.3009058701384193,0.07599838030467758,1.9477282452340294,0.0324738789259922,0.0055194571559813,0.29528242246883457,53.56846951737113,3.4210451940653708
0.03252249251719877,0.009504703979536554,0.3009076080769089,0.07597835462682574,1.9477144036080032,0.03252249251719877,0.0055194740242693816,0.29530955121638985,49.196889335779424,3.391860093649647
0.03257110610840535,0.00950303238462856,0.3009098590821626,0.07595870166595348,1.9477051657430278,0.03257110610840535,0.005520286411157619,0.2954858694282096,45.291779285729206,3.36593577740127
0.03261971969961192,0.009501214884385328,0.30091169059759065,0.07593937340700711,1.947699124806831,0.03261971969961192,0.005522528107501082,0.2959509926677019,42.45691075904417,3.355783685120748
0.032668333290818495,0.009499473194159872,0.30091431394973617,0.07591994051302049,1.9476913292091242,0.032668333290818495,0.005524085578839047,0.2962884781747373,40.147977613865464,3.3476359437705216
0.032716946882025075,0.009497705112878506,0.30091734783636404,0.07590067664585824,1.947685099657865,0.032716946882025075,0.005525547456659276,0.29661044327811886,38.28673253967532,3.3425356177271097
0.03276556047323165,0.009495915111430855,0.3009208369101163,0.07588158861675007,1.9476805740393337,0.03276556047323165,0.005515040454617874,0.2946393544019744,36.787950632952395,3.305824491442018
0.03281417406443823,0.00949408156279028,0.3009247557782883,0.07586266645101969,1.947677938545957,0.03281417406443823,0.005514518658701354,0.2945787618719986,35.61115371768637,3.299688743831198
0.0328627876556448,0.009492205064379297,0.3009292048585252,0.07584386233114335,1.9476770086023427,0.0328627876556448,0.0055140353593861905,0.2945263463446169,34.72751289820311,3.2958099005039787
0.03291140124685137,0.009490277838935308,0.30093423032386424,0.07582515226033111,1.9476778708530986,0.03291140124685137,0.005513579266183122,0.29447999707180195,34.04754859507324,3.2929955228373826
0.03296001483805795,0.009488285541223022,0.3009398426681261,0.0758065700563411,1.9476813076108797,0.03296001483805795,0.005513141968501935,0.29443833033713734,33.52453911713171,3.2906933668370892
0.033008628429264525,0.009486176327835223,0.3009461013256316,0.07578839684341718,1.947691626241303,0.033008628429264525,0.005512725665778022,0.2944005679917115,32.99652995795815,3.2861412104939847
0.0330572420204711,0.009484222528293878,0.3009537493585785,0.0757693637326204,1.9476931587397073,0.0330572420204711,0.005512337529555901,0.29436591342474955,32.662624591385864,3.2831127051168894
0.03310585561167768,0.009482201883672657,0.3009622831437685,0.0757504939346541,1.9476986324179089,0.03310585561167768,0.0055100902268848785,0.295913214870301,35.94805112873557,3.991836457760175
0.03315446920288425,0.009480152494266541,0.3009719676569718,0.07573162799285033,1.9477063137623598,0.03315446920288425,0.005508252475312268,0.29344026609404467,38.082381026618535,4.354553992948644
0.03320308279409082,0.009478078223132185,0.30098304989950975,0.0757127599484182,1.9477164380177185,0.03320308279409082,0.005509323259790368,0.29583038384397864,35.91900241289186,3.9844723987053814
0.033251696385297395,0.009475978630672503,0.30099588226225027,0.07569389829254868,1.9477294624271917,0.033251696385297395,0.00551304473765494,0.291375813116208,32.219803099591374,3.2532929771931225
0.033300309976503975,0.009473849743582249,0.3010109987610796,0.07567506223437775,1.9477460583597548,0.033300309976503975,0.00551038764498824,0.29422237213650754,32.72307690086464,3.277679156554512
0.033348923567710555,0.009471683181843948,0.3010292433590738,0.07565628436907186,1.947767224415712,0.033348923567710555,0.005510001637938282,0.2941979871228256,32.91383592427405,3.2767338197686566
0.03339753715891713,0.009469464608695593,0.3010520298772258,0.07563761711640879,1.9477945278062432,0.03339753715891713,0.005509615959339294,0.29417468417918413,33.134043046220135,3.275614372164161
0.0334461507501237,0.00946717028383588,0.3010819519017281,0.07561914775774542,1.947830657139614,0.0334461507501237,0.005509230977245767,0.2941523726783889,33.37274306216134,3.2742056776680326
0.03349476434133027,0.009464755335323443,0.30112454470115774,0.07560104014305313,1.947880967991962,0.03349476434133027,0.005508847646956312,0.29413097902631147,33.6195408523218,3.272361360757467
0.033543377932536846,0.00946209737414902,0.3011958457434157,0.07558371556342838,1.9479599593997556,0.033543377932536846,0.005508467417699072,0.29411043708836393,33.864463584010856,3.2698920035078194
0.03359199152374342,0.009458214449007563,0.30143538427801264,0.07557042515573004,1.948180849911811,0.03359199152374342,0.005508091846054309,0.2940906751729234,34.104232198170635,3.266789244501391
0.03364060511495,0.009456453758547473,0.3014083978198992,0.07555041486799421,1.9481647773485908,0.03364060511495,0.0055098542423135406,0.2914103966911528,46.32811970296503,3.961899463706171
0.03368921870615657,0.009473691613376703,0.30137311234215525,0.07554312679119683,1.9481948099336008,0.03368921870615657,0.005505596686264515,0.295490929656726,37.941231396686725,3.938330634530627
0.03373783229736314,0.00947440694607542,0.30134723505292976,0.07552464070638797,1.9481856119824548,0.03373783229736314,0.005505384506407154,0.29591884620912495,21.350435161461476,3.502010308593332
0.03378644588856972,0.009469965047356515,0.3013237054510181,0.07550263637640019,1.948164968434863,0.03378644588856972,0.005504914262383942,0.29543246763323133,38.24426544772023,3.9201919986033547
0.0338350594797763,0.009462834944418339,0.3013020837607275,0.0754788318181468,1.9481395851665078,0.0338350594797763,0.005504585539206481,0.29540381793581527,38.354139833119575,3.9093156272758205
0.033883673070982875,0.009447662507033558,0.3012871680459288,0.07545035407007468,1.9480955867737197,0.033883673070982875,0.005504263937561857,0.2953754475489108,38.437445531698735,3.897283999542638
0.03393228666218945,0.00944577802077622,0.30126237661972843,0.07542838582682226,1.9480921792453472,0.03393228666218945,0.005503948240449061,0.29534730574575435,38.496042390916806,3.884197392185863
0.03398090025339602,0.009444115102217628,0.301241025976748,0.07540803843330932,1.948065571005001,0.03398090025339602,0.005503667782245827,0.2980902852606123,7.461028559135082,4.509899952353716
0.0340295138446026,0.00945540021116453,0.30121405673488094,0.07540009505044236,1.9481509941201116,0.0340295138446026,0.005503330275627818,0.2952915998440354,38.5538410184514,3.8557304905442153
0.03407812743580917,0.009477885765109018,0.3204344868320838,0.07520238918560694,1.9441169004490328,0.03407812743580917,0.005503025987338785,0.2952640329561889,38.54477057775638,3.840031085669441
0.034126741027015746,0.009475607056191687,0.31993403721489677,0.07518494332238812,1.9441430770401125,0.034126741027015746,0.005502721872163306,0.2952366240109696,38.523465966512866,3.824092077888046
0.034175354618222326,0.009473321436805331,0.31944706835323905,0.07516770053954569,1.9441711484823325,0.034175354618222326,0.00550241517708635,0.29520935353750427,38.490348548059515,3.808013555724668
0.0342239682094289,0.009437311792602859,0.3011480081764218,0.07530486310840319,1.9477759125935463,0.0342239682094289,0.005502102427173665,0.2951821772145499,38.449158972102346,3.7920718386336865
0.03427258180063547,0.00943587316343089,0.3011303343557834,0.0752837926831499,1.9477315931847898,0.03427258180063547,0.005501779277371463,0.29515502293879603,38.40431473935957,3.776587002205091
0.03432119539184205,0.009433005819438709,0.3011192055019863,0.07527419487350986,1.9478033571736704,0.03432119539184205,0.005501439863858723,0.2951277777045561,38.36077575794174,3.76191935347308
0.03436980898304862,0.009432374430119541,0.3011104521102071,0.0752590130892403,1.9476671174771079,0.03436980898304862,0.0055010753131590475,0.29510026218860114,38.32423848831047,3.748491163219288
0.0344184225742552,0.009430776150963292,0.3010952985154295,0.07524171853257848,1.9476399653165617,0.0344184225742552,0.005500559190402447,0.2960781207884317,16.44537278715401,3.8560392558322785
0.034467036165461776,0.009428670840850766,0.3010787203639189,0.07522498414906957,1.9476747609045781,0.034467036165461776,0.00550018730205958,0.29530827347739547,15.945048811426654,3.4136328596074814
0.03451564975666835,0.009427446377201094,0.3010668509015912,0.0752071529303718,1.9476366044695546,0.03451564975666835,0.005499541540992702,0.29534186881873753,22.208878223271444,3.647030999055989
0.03456426334787492,0.009425951313712957,0.3010551015126498,0.07519003679479862,1.9476338370187134,0.03456426334787492,0.0054985239696604855,0.2949770848807241,38.426494654419756,3.7225793117478196
0.0346128769390815,0.00944725593345816,0.3013137430672039,0.07774917645345165,1.9344515562087259,0.0346128769390815,0.005482900502862552,0.3004310740321468,1.208210518360707e8,146.28791515957943
0.034661490530288074,0.009446373411241256,0.30130684081952214,0.0777215775093603,1.934373281930408,0.034661490530288074,0.0054835967428899296,0.2950975843072792,635103.108527093,38.84501974636979
0.034710104121494646,0.009445471339939459,0.3013005488545312,0.07769323181069013,1.9343028541978593,0.034710104121494646,0.005483918866018645,0.2949908877179763,123658.5076031912,26.275983098597123
0.034758717712701226,0.009444463647719455,0.301294283992935,0.07766756204345229,1.934227327223398,0.034758717712701226,0.005484061570479114,0.29511810255712523,45217.810561083716,20.62635035984299
0.034807331303907806,0.009443573529802704,0.3012884048255034,0.0776400813895197,1.9341475275232147,0.034807331303907806,0.0054840871584736816,0.2949191023596178,21687.79690657462,17.26638380328189
0.03485594489511438,0.009442582727441697,0.3012823350798914,0.07761241038636264,1.9340777165862555,0.03485594489511438,0.005484033043583582,0.29489440009626605,12112.995452992725,14.929951191644154
0.03490455848632095,0.009441330774911423,0.3012758406327417,0.07758525028446984,1.9340333613386123,0.03490455848632095,0.005483921965846347,0.2948720152249873,7413.537987115029,13.117197137669994
0.034953172077527524,0.009440277578486601,0.3012728142433652,0.07756369649733508,1.9339322307939406,0.034953172077527524,0.0054837599838227615,0.2948483702895823,4819.735801106959,11.621539978208956
0.0350017856687341,0.009439369903270661,0.3012648499153956,0.07752852810690872,1.9338844176904233,0.0350017856687341,0.005483591425465714,0.2948265180818331,3282.129915546426,10.383359334110553
0.035050399259940676,0.00946208807091412,0.3132700452838083,0.07739449183702575,1.9314475869786556,0.035050399259940676,0.005483414616453938,0.29480530508779706,2339.2090341749636,9.422761645075335
0.03509901285114725,0.009460558186331553,0.3130025709785912,0.07737090932394303,1.9314179228341932,0.03509901285114725,0.005483228398379924,0.29478442844410446,1728.2349601054675,8.655363405063486
0.03514762644235383,0.009459024629647933,0.31274439899129347,0.07734742799520486,1.9313885535656437,0.03514762644235383,0.005483034995025894,0.29476389511697865,1314.6815463072999,8.028185096982957
0.0351962400335604,0.00945748782350042,0.3124953910856291,0.07732404397657713,1.9313594664521996,0.0351962400335604,0.005482837574988436,0.29474375350023296,1024.2971282431645,7.504146441059616
0.035244853624766974,0.009455948496028608,0.31225542789004923,0.07730075282579799,1.9313306468839857,0.035244853624766974,0.005482638994626037,0.29472404684292497,814.3422797499835,7.059678275895201
0.035293467215973554,0.009454407780410031,0.3120243847112453,0.07727755001162084,1.9313020826322695,0.035293467215973554,0.005482441109136735,0.2947048026023731,658.9360345360535,6.679364894464966
0.035342080807180126,0.009452867182747514,0.31180216314710885,0.07725443118308031,1.9312737643641813,0.035342080807180126,0.0054822449318425726,0.2946860384819682,541.6969736630246,6.352623146373038
0.035390694398386706,0.009451328376721534,0.3115886666690227,0.07723139241608619,1.9312456843200658,0.035390694398386706,0.005482050966796075,0.2946677679749187,451.8458827015653,6.071632832430509
0.03543930798959328,0.009449792960753767,0.311383802894202,0.07720843058986544,1.9312178391208386,0.03543930798959328,0.0054818594709438945,0.2946500038580344,382.0552270734321,5.830176147402785
0.03548792158079985,0.009448262194716445,0.3111875101025733,0.07718554360438767,1.9311902278720288,0.03548792158079985,0.0054816705543661364,0.2946327575282646,327.20256101097283,5.6229551256879935
0.03553653517200643,0.00944673683228854,0.3109997296759803,0.07716273052109515,1.9311628536290157,0.03553653517200643,0.00548148426970851,0.29461604013682413,283.6386371482565,5.445430377378981
0.035585148763213004,0.009445217070108763,0.3108203944932557,0.07713999125446946,1.9311357194490941,0.035585148763213004,0.00548130061065111,0.2945998615914481,248.7156460701938,5.293643511787472
0.035633762354419576,0.009443702671763725,0.31064948145279064,0.07711732601145121,1.931108826484015,0.035633762354419576,0.005481119558137678,0.294584231594068,220.4875726123503,5.164187710128697
0.03568237594562615,0.00944219311616127,0.3104869475416411,0.07709473471142148,1.931082173394643,0.03568237594562615,0.005480941066343495,0.29456915943204015,197.50560151720052,5.054138840322406
0.03573098953683273,0.009440687764259699,0.31033280086462156,0.07707221623674931,1.9310557496140792,0.03573098953683273,0.005480765077091293,0.2945546542838501,178.67809732967518,4.960985597221571
0.03577960312803931,0.009439185979998859,0.31018704162072597,0.0770497682276539,1.931029539474002,0.03577960312803931,0.005480591519048573,0.2945407255082559,163.1745373036526,4.882590779868509
0.03582821671924588,0.009437687184432835,0.3100497088481173,0.07702738677174115,1.93100351699521,0.03582821671924588,0.005480420315326559,0.2945273826479685,150.35762244514225,4.817149715480587
0.035876830310452454,0.009436190843322726,0.30992083587309277,0.07700506655174233,1.9309776485604837,0.035876830310452454,0.0054802513820368754,0.294514635434991,139.73366971081091,4.763140357737922
0.035925443901659034,0.009434696460564022,0.3098005138482158,0.07698280109276821,1.930951896079609,0.035925443901659034,0.0054800846328906284,0.2945024937156375,130.91695854574192,4.719278694945038
0.035974057492865606,0.009433203417405944,0.3096888442524307,0.07696058311570049,1.9309262149040038,0.035974057492865606,0.005479919978432337,0.29449096739803476,123.60371247834189,4.684483773479805
0.03602267108407218,0.009431710786286152,0.3095859550270893,0.07693840529337312,1.9309005579770844,0.03602267108407218,0.005479757327874764,0.29448006608028265,117.55348356975901,4.6578596401239105
0.03607128467527875,0.009430217201200786,0.3094920116090149,0.07691626140281105,1.9308748888567993,0.03607128467527875,0.005479596588786716,0.2944697990993638,112.57424971390981,4.6386656643790225
0.03611989826648533,0.009428721683384232,0.309407240235672,0.07689414318681866,1.9308491590819103,0.03611989826648533,0.005479437674137634,0.2944601749704548,108.51216756639423,4.626302731309445
0.036168511857691904,0.009427234959384826,0.30933192393974984,0.07687199861001094,1.9308231380481506,0.036168511857691904,0.005479296777952001,0.2946333335448359,43.928772669261846,5.464194128552887
0.03621712544889848,0.00942579624453871,0.3092664980231634,0.07684962842715663,1.9307958239252094,0.03621712544889848,0.005479151186814283,0.29458114025125626,47.17778294694289,5.373489505538877
0.036265739040105056,0.009424348992865362,0.3092112391554662,0.07682701229328467,1.9307664549227348,0.036265739040105056,0.005478997965989842,0.2945726062913088,42.95455521778199,5.422845536445371
0.036314352631311636,0.009422853985220057,0.30916643982822195,0.07680432641565058,1.930735943219133,0.036314352631311636,0.00547881918464719,0.2944283992402559,99.23138334906905,4.63680487634838
0.03636296622251821,0.009421345452693257,0.3091326199820574,0.07678160895285173,1.9307050131513683,0.03636296622251821,0.005478667551747904,0.29442216664578014,98.25088791160117,4.653286879043392
0.03641157981372478,0.009419825736403457,0.3091104286879803,0.07675881227542286,1.9306733854102944,0.03641157981372478,0.00547851713177056,0.29441663941210755,97.68048506152209,4.675275340162982
0.036460193404931354,0.009418290511685586,0.30910059268021806,0.07673589684413058,1.9306407472370029,0.036460193404931354,0.005478367855833236,0.2944118301176573,97.46181561734362,4.7029494478448965
0.036508806996137934,0.009416736739466088,0.3091039135693538,0.07671284100928409,1.9306069285855916,0.036508806996137934,0.005478219664306235,0.2944077524474351,97.52998896208643,4.736660114678552
0.03655742058734451,0.009415163057297553,0.30912139106700287,0.07668963651677965,1.9305718501447375,0.03655742058734451,0.0054780725161341715,0.2944044214370343,97.80754251714981,4.776973219529541
0.03660603417855108,0.009413569902822947,0.30915424176684375,0.07666628613158788,1.9305355200284235,0.03660603417855108,0.005477926395070771,0.2944018543915449,98.19100377420556,4.8247735653046915
0.03665464776975766,0.009411959232613235,0.3092037954320993,0.07664280100142334,1.9304980107262437,0.03665464776975766,0.005477781305331084,0.29440007131323365,98.5305020948148,4.881436718779928
0.03670326136096424,0.00941033416741998,0.3092717216696401,0.07661919767064618,1.930459431159997,0.03670326136096424,0.0054776372664972015,0.2943990965048182,98.59403700185634,4.949154191519407
0.03675187495217081,0.009408698502517378,0.30935998510892354,0.07659549575536188,1.9304199131546018,0.03675187495217081,0.005477523471353828,0.2945114676847982,28.112793935414516,6.037667802263916
0.036800488543377384,0.009407056299994922,0.3094709777929574,0.07657171599555446,1.9303795998596978,0.036800488543377384,0.005477352503826678,0.29439972232441686,96.01006312787051,5.135896173756893
0.03684910213458396,0.009405411311684394,0.309607238479415,0.07654787863177355,1.9303386244570793,0.03684910213458396,0.005501157196591967,0.32143418663685586,55.72792990874695,12.902740112526711
0.036897715725790536,0.009403767140782485,0.3097724992320953,0.07652400256918664,1.9302971141113208,0.036897715725790536,0.0054770727674338365,0.2944046214375103,78.56717640716185,5.5072688053133705
0.03694632931699711,0.00940212659365438,0.3099706017230064,0.07650010499476044,1.930255174375224,0.03694632931699711,0.005476935996361548,0.294415923015219,1.5652291578871433,6.45125052444294
0.03699494290820368,0.009400492021621437,0.3102064677540922,0.07647620131741509,1.9302129004515602,0.03699494290820368,0.005476797199302206,0.29442734119688063,73.06199044067904,7.014761201402106
0.03704355649941026,0.009398865275570623,0.3104864359500276,0.07645230476711776,1.9301703657302791,0.03704355649941026,0.005476660021131947,0.29443505792352864,120.97383746358942,7.296121075487835
0.037092170090616834,0.0093972476088006,0.31081784503457327,0.07642842661889658,1.9301276246747552,0.037092170090616834,0.005476524655611484,0.2944423461642082,163.48516657652274,7.532770234635548
0.03714078368182341,0.009395640135354044,0.3112112639026354,0.0764045751843195,1.930084697589144,0.03714078368182341,0.005476391038655738,0.29444979028727747,204.33125386839717,7.754109055175003
0.03718939727302999,0.009394043084111866,0.3116762151595104,0.07638075857311508,1.9300416321613463,0.03718939727302999,0.005476259118538832,0.29445760712913244,244.5962447044679,7.968293758798577
0.03723801086423656,0.009392455868710358,0.3122201155173881,0.07635698483456273,1.9299985192473879,0.03723801086423656,0.005476128840170655,0.2944659257790162,284.65932859726394,8.178716110423562
0.03728662445544314,0.00939088324949332,0.3128950448735845,0.0763332350234868,1.9299548936031283,0.03728662445544314,0.005476000149996821,0.294474848891248,324.78063579480266,8.38748930769543
0.03733523804664971,0.00938932238055954,0.3137074221351096,0.07630951280223312,1.9299109117236244,0.03733523804664971,0.005475873003864325,0.2944844654719381,365.3014129514389,8.5962849599077
0.037383851637856284,0.00938776471420553,0.3146250141000219,0.07628580822530079,1.9298668993553127,0.037383851637856284,0.0054757473851875,0.2944948721308643,407.21317794315013,8.807321639523112
0.037432465229062864,0.00938624752606286,0.31585942055721067,0.07626210235316573,1.9298217080848592,0.037432465229062864,0.005475623442873517,0.2945061780298262,452.82961262705646,9.023782842882856
0.03748107882026944,0.009384721523916393,0.31739783632257224,0.07623853057296795,1.9297764805991138,0.03748107882026944,0.0054901416234525964,0.3106634806118437,525.4952860101488,15.637251207739142
0.03752969241147601,0.00936528839885694,2.67853388200909,0.07640246038985687,1.9333453310064004,0.03752969241147601,0.005470612956015921,0.29371311836813085,576.0071812505379,9.125149340807559
0.03757830600268258,1.1900944407994996,6594.293915315482,1.0058306127760936,9.140614604545954,0.03757830600268258,0.005476156157347286,0.2967943301924407,665.1682976729755,11.643928252758695
0.03762691959388916,0.009595807629963598,10.579411013523917,0.07584156890470303,1.926230103442811,0.03762691959388916,0.005470354126843892,0.295484833494532,758.8397585871859,11.020075934409537
0.03767553318509574,0.009485434605254741,10.170540646176637,0.07652029343753886,1.934716484664265,0.03767553318509574,0.0054762195241191665,0.29707320943540527,874.8176973693828,12.150980350358878
0.037724146776302314,0.009358301196730026,2.704982401150996,0.07627951642089166,1.9327673482846968,0.037724146776302314,0.005476260381477909,0.29721977858317455,1004.8534464411105,12.418656918119092
0.03777276036750889,0.00935430609069042,1.5965969624047789,0.07621579875561943,1.932198898755,0.03777276036750889,0.005474793246645435,0.29461537137698696,1147.6482006702468,10.817412223633832
0.03782137395871547,0.009356838769220919,0.4682652428455842,0.07614368706289913,1.9313306931524938,0.03782137395871547,0.00547468056669615,0.2946354585760961,1326.4752097737005,11.126335518237385
0.03786998754992204,0.009359305345181515,0.31367208732359,0.07610041465854214,1.9308159206607847,0.03786998754992204,0.005474569545777434,0.2946567516340968,1538.1327768666624,11.457759304967597
0.03791860114112861,0.009356722049948394,0.34614961897665153,0.07608258991900979,1.9308998269427984,0.03791860114112861,0.005470362858893541,0.29355511717303856,1800.6099461453114,11.487925621323848
0.037967214732335185,0.009356916251881217,0.3155591483055765,0.07605205098728847,1.9306639194399142,0.037967214732335185,0.005478873019786487,0.2954796891816408,2113.240561661481,13.901629792469633
0.038015828323541764,0.009356550351353077,0.30750038027694765,0.07602446328400884,1.9304958436504696,0.038015828323541764,0.0054700898523195466,0.2935376978792475,2524.301481510308,12.306535955493732
0.03806444191474834,0.009356171584322953,0.3035842651387315,0.0759972418357585,1.93033122141398,0.03806444191474834,0.00547645233825698,0.29220894801500147,3061.0751940595405,12.958530516801089
0.03811305550595491,0.00935560637997935,0.3022167979814168,0.07597090900123193,1.9301890780226039,0.03811305550595491,0.005474039578068801,0.29478295262348925,3800.7234852281194,13.59450397181985
0.03816166909716149,0.009356029133957318,0.3013410915134263,0.0759404914236567,1.9299427074582896,0.03816166909716149,0.005475138555247026,0.29425331012501615,4847.984303569333,14.038059347511934
0.03821028268836807,0.009354501958527035,0.30136403515876475,0.07591843159722797,1.9299067385979192,0.03821028268836807,0.005473838675338699,0.2948431968390349,6318.155227126718,14.781565665898615
0.03825889627957464,0.009354299778584324,0.30126521444829857,0.07589049315281288,1.929731514215108,0.03825889627957464,0.0054749313722127595,0.29433145727780163,8394.894526939897,15.376282758969024
0.038307509870781215,0.009353536284804174,0.30122420538394906,0.0758654964568993,1.929617014127751,0.038307509870781215,0.005474829736324636,0.2943723556682821,11204.09405812257,16.17629010053625
0.03835612346198779,0.009352156735145946,0.30122387859406874,0.07584235454591377,1.9295690653287763,0.03835612346198779,0.0054747297984882514,0.2944143571365196,14497.58848026672,17.100461609791967
0.03840473705319437,0.009351093135451804,0.3012081481128571,0.07581915946200682,1.92948870388205,0.03840473705319437,0.005474630853042261,0.29445766112148164,16998.44919217587,18.13724276931054
0.03845335064440094,0.009349499613731145,0.3012088509951328,0.07579730328345398,1.9294658884698848,0.03845335064440094,0.005474531409317635,0.2945034202600782,21035.511563742806,19.563695071910892
0.03850196423560751,0.009347941889632397,0.3012190833895982,0.07577520705968359,1.9294408215910486,0.03850196423560751,0.005474435910366813,0.29455177423523776,33508.90352118736,22.409493810255608
0.03855057782681409,0.009346521887126778,0.30121290915240534,0.07575335944253944,1.9294021105042538,0.03855057782681409,0.005473170236288337,0.2950981993703094,94482.9789022635,25.681253374991954
0.038599191418020665,0.009345054709696474,0.30120664106640893,0.07573177066589472,1.9293696005778254,0.038599191418020665,0.0054727974440169705,0.2944022514327775,2.9498320850260155e6,27.425437546639742
0.038647805009227244,0.009342113123388304,0.30097623349325797,0.07836824661345988,1.929632102795642,0.038647805009227244,0.005479238341944693,0.30045524017351893,3.75636797785489,8.817741992929522
0.03869641860043382,0.009341019817420712,0.30098069319093956,0.07834411842635418,1.929552224043319,0.03869641860043382,0.005473864436094226,0.2946717107879415,13.462421120491939,4.786616483251265
0.03874503219164039,0.009339918788810268,0.30098492117402026,0.07832020764182773,1.9294750583752343,0.03874503219164039,0.035265729680616684,23.682562904290226,51.8738137009843,16.686579336805355
0.03879364578284697,0.009338809848442887,0.3009889258086943,0.07829650687047636,1.929400484001628,0.03879364578284697,0.031999419546316216,21.378549865887855,45.568915737893526,14.984135570729027
0.03884225937405354,0.009337692755622433,0.300992715938802,0.0782730080664964,1.9293283714531926,0.03884225937405354,0.005473743336832601,0.2948283052821864,13.195445148159306,4.910789965015854
0.038890872965260115,0.00933656715313832,0.3009962997083747,0.07824970370454341,1.9292585970481793,0.038890872965260115,0.024667427422097377,16.169120975797743,33.689212094045644,12.238533984625535
0.03893948655646669,0.009335432537700796,0.3009996842402244,0.0782265877533359,1.9291910486408403,0.03893948655646669,0.005480724740784975,0.30210406496077674,3.5947311425720585,9.1609549601567
0.03898810014767327,0.00933428817970991,0.3010028752113904,0.07820365794433853,1.9291256363847038,0.03898810014767327,0.005480996665892642,0.30239694686241475,3.5651280092149036,9.215977531199005
0.03903671373887984,0.009333132594058305,0.301005874233029,0.07818091918877063,1.9290623075969213,0.03903671373887984,0.005481435480424099,0.3027115150671878,7.8895924870097165,8.75759236886838
0.03908532733008641,0.009331964261770612,0.3010086820640613,0.0781583471607617,1.9290008786657034,0.03908532733008641,0.005482288795857588,0.3030175184011791,15.33270142720099,9.517477923922076
0.03913394092129299,0.009330794335818116,0.30101136599030365,0.07813585886462814,1.9289409449936978,0.03913394092129299,0.0054816962009676855,0.30312262173605,15.375399854662987,9.597999540939227
0.03918255451249957,0.00932961513763371,0.3010138875481252,0.07811352063737428,1.9288827379828053,0.03918255451249957,0.0054711560170415206,0.2994341639792117,13.718513206818143,8.703400272206048
0.039231168103706145,0.009328425328182366,0.3010162389716271,0.07809133872941512,1.9288262347117118,0.039231168103706145,0.005464971368122389,0.29421283356883643,7.1667250935750735,5.908038405470831
0.03927978169491272,0.009327226384708084,0.3010184296135303,0.07806929646345402,1.928771320324154,0.03927978169491272,0.005464906314601806,0.2942915338522511,7.056104413437017,5.992830261454814
0.03932839528611929,0.009326018804139297,0.3010204653018637,0.07804738128574783,1.9287178938601803,0.03932839528611929,0.00547381413282108,0.30000401213575967,9.109341349144868,4.623253301272082
0.03937700887732587,0.009324801912211808,0.30102234892612734,0.07802558258388674,1.9286658534375387,0.03937700887732587,0.005483508615528434,0.30492343978734454,3.327867735309712,9.635737119066041
0.03942562246853244,0.009323574244510578,0.3010240816467069,0.07800389054247199,1.928615093979458,0.03942562246853244,0.005472475758328211,0.2951148157846788,1.8311371379203392,4.751043198644485
0.039474236059739015,0.009322334420581996,0.30102566489338184,0.0779822952904378,1.9285655106918103,0.039474236059739015,0.005472332127060855,0.29513509385498427,1.2767174479071959,4.657453580846392
0.03952284965094559,0.009321081999823639,0.30102710260926113,0.07796078569900694,1.9285169989571556,0.03952284965094559,0.005468609512143708,0.2943141683463564,11.75949672664099,5.234451132888738
0.03957146324215216,0.009319817798819015,0.3010284022250929,0.07793934880761373,1.92846945308494,0.03957146324215216,0.005472876637941589,0.2934253566518876,0.7406373795712446,4.5190688039294615
0.03962007683335873,0.009318543580957236,0.30102957373682937,0.07791797057656434,1.928422768602023,0.03962007683335873,0.0054702587787284745,0.29538325196744786,9.034863134088623,4.303824060463139
0.03966869042456531,0.00931726151762656,0.3010306280156853,0.07789663719445393,1.9283768464628666,0.03966869042456531,0.0054648176276823595,0.2951922615555614,6.130459405237856,6.770973757712827
0.03971730401577189,0.009315973817745744,0.30103157565823757,0.07787533592594885,1.9283315955417009,0.03971730401577189,0.0054639600093438065,0.2925299618909868,2.774087209835539,2.8887539248087513
0.039765917606978465,0.009314682597487446,0.30103242663198626,0.07785405530302772,1.9282869326546794,0.039765917606978465,0.005471439359223741,0.2952482815839993,0.7351117524956299,4.3920872131165
0.03981453119818504,0.009313389869911412,0.301033190316927,0.07783278497363158,1.9282427814008467,0.03981453119818504,0.005463265470585837,0.2948358588203738,6.024963473295135,6.011071307616663
0.03986314478939162,0.009312097527551511,0.30103387552323907,0.07781151551859372,1.9281990711810495,0.03986314478939162,0.005471087789103399,0.2952679816675229,1.1288312625106471,4.356535669215844
0.03991175838059819,0.009310807246659055,0.3010344902557784,0.07779023838568017,1.9281557371043372,0.03991175838059819,0.005463188991342188,0.29248731946518286,1.760160808621281,2.6459797690768685
0.03996037197180476,0.009309520320711613,0.3010350412486809,0.07776894590682623,1.9281127205123603,0.03996037197180476,0.005462998176822271,0.29247773510509906,1.562831270326596,2.601265668348696
0.040008985563011336,0.009308237519729179,0.30103553356715435,0.07774763120618987,1.9280699688351561,0.040008985563011336,0.0054628076103397,0.2924684972363619,1.3834969321370052,2.561552473352601
0.040057599154217916,0.009306959097077168,0.3010359706505338,0.07772628781893798,1.928027433585705,0.040057599154217916,0.005462617067747813,0.29245959543865585,1.220706225623216,2.526389131372082
0.04010621274542449,0.009305684988318928,0.30103635494329256,0.07770490897498614,1.9279850664608746,0.04010621274542449,0.005464517056818407,0.29334111913350597,8.725102017188963,4.687741212174179
0.04015482633663107,0.009304415168943318,0.30103668907513886,0.07768348606482577,1.92794281187594,0.04015482633663107,0.00546411141456197,0.29272380012320015,0.32886822373835983,2.095301083486935
0.04020343992783764,0.009303150233681912,0.30103697809618224,0.07766200292764179,1.9279005807048784,0.04020343992783764,0.005464378950452994,0.2934047278618618,8.586649651447532,4.743781726041897
0.04025205351904422,0.009301892715604049,0.30103723527108484,0.07764040969790097,1.9278581292545807,0.04025205351904422,0.005461855973565733,0.29242791112958844,0.7178943438051408,2.4258905480859103
0.04030066711025079,0.009300633205504533,0.30103740583115024,0.07761862052752816,1.927814997049842,0.04030066711025079,0.005461679228184327,0.29242192868512856,0.6306356816214397,2.411203502043467
0.040349280701457366,0.009299347736482388,0.3010373631753958,0.0775968278065554,1.9277720041834063,0.040349280701457366,0.00546208012337947,0.2928680270346001,4.530122091914431,2.8601713581284356
0.04039789429266394,0.009298081373944004,0.3010373798836469,0.077575220320961,1.927730227621951,0.04039789429266394,0.005461270961337126,0.2924088420684861,0.5207486299508581,2.4003148290040635
0.04044650788387052,0.009296827787598638,0.30103741181001675,0.07755368229223533,1.9276890771654367,0.04044650788387052,0.005461064993249685,0.29240373331677805,0.49311499422659627,2.40302094149113
0.04049512147507709,0.009295581261415465,0.30103742523454385,0.07753216547071387,1.927648287746849,0.04049512147507709,0.005460857274957875,0.29239993441052553,0.49145826571152296,2.414165007735048
0.040543735066283663,0.009294340071234737,0.30103741122266137,0.07751065666915385,1.9276077792378417,0.040543735066283663,0.005460645992269116,0.2923979008530271,0.5259665247114028,2.4380553909777065
0.04059234865749024,0.009293103467879923,0.301037366782546,0.07748915123677058,1.9275675169688162,0.04059234865749024,0.005460429559844272,0.29239861584633375,0.6146806774079572,2.482972190501082
0.04064096224869682,0.009291871020990482,0.30103729076602,0.0774676473841853,1.927527481814901,0.04064096224869682,0.005460206670279096,0.2924041277655357,0.7898541546938992,2.5654651586397215
0.040689575839903395,0.009290642441868504,0.3010371827389415,0.07744614458533185,1.927487661795013,0.040689575839903395,0.0054599802345722485,0.2924174817571574,1.080894336644754,2.7069919853386533
0.04073818943110997,0.009289417521650255,0.3010370425835112,0.07742464299899667,1.9274480490327859,0.04073818943110997,0.005459762154481648,0.29243798870319004,1.4250610498337053,2.8908203112837265
0.04078680302231654,0.009288196103829971,0.30103687032845616,0.0774031432159971,1.927408638418805,0.04078680302231654,0.005459543997296793,0.29243068196040123,0.12834325324417348,2.2885168758491212
0.04083541661352312,0.009286978068618447,0.30103666606307755,0.07738164613011865,1.9273694269121295,0.04083541661352312,0.005459364102064702,0.2924847014599272,1.967303028372528,3.233210167207992
0.04088403020472969,0.009285763321829598,0.3010364298859775,0.07736015286147402,1.9273304131086542,0.04088403020472969,0.005459177309880874,0.29250934878160323,2.165612114721985,3.38059530532739
0.040932643795936266,0.00928455178573184,0.30103616186957644,0.07733866470349801,1.9272915969265263,0.040932643795936266,0.005458996025259076,0.29253541270291084,2.3328428066012976,3.517115208433899
0.040981257387142846,0.009283343390944136,0.30103586203233135,0.07731718308072388,1.9272529793432394,0.040981257387142846,0.005459770900250198,0.29230696118557536,0.284954990420386,2.2592000716339435
0.04102987097834942,0.009282138069143353,0.3010355303153031,0.07729570951127392,1.9272145621541406,0.04102987097834942,0.005458671962868231,0.2923370313181984,0.38838379999137584,2.23634758739424
0.04107848456955599,0.009280935746628546,0.30103516656177076,0.07727424557193707,1.927176347743328,0.04107848456955599,0.005459495670521002,0.292293453923457,0.6701948674869738,2.166862553959052
0.04112709816076257,0.009279736338957477,0.3010347704999889,0.0772527928657912,1.9271383388685397,0.04112709816076257,0.0054600049773946766,0.29504280009854744,3.4380364957406795,2.3612715788235628
0.04117571175196914,0.00927853974696253,0.30103434172997084,0.07723135299350474,1.927100538468808,0.04117571175196914,0.0054596063314942805,0.29275544910401213,6.389078594995238,4.317658304618393
0.04122432534317572,0.009277345854523398,0.30103387971585505,0.07720992753051278,1.9270629495080216,0.04122432534317572,0.005462953074523711,0.294508883180106,10.531076397175717,5.459097162369728
0.041272938934382296,0.00927615452853114,0.30103338378601047,0.07718851801184648,1.9270255748671703,0.041272938934382296,0.005459228753758165,0.2907772833252915,0.6653525124781803,2.141613293395639
0.04132155252558887,0.00927496562151517,0.3010328531433372,0.07716712592527343,1.9269884172901148,0.04132155252558887,0.005459298805864509,0.2907562193389432,0.5630639724322228,2.116659181126574
0.04137016611679545,0.00927377897743973,0.3010322868884756,0.07714575271096293,1.9269514793753177,0.04137016611679545,0.005457597846552048,0.2924206282852899,4.217471970873176,2.6338477337209802
0.04141877970800202,0.009272594441152372,0.3010316840585329,0.07712439976255578,1.926914763585832,0.04141877970800202,0.005457459339635327,0.29241406892969285,4.261123713847474,2.62693627359195
0.041467393299208594,0.009271411871823431,0.3010310436832203,0.07710306842105376,1.9268782722314175,0.041467393299208594,0.005457324454863967,0.292408551794591,4.297039823998394,2.621199068613475
0.041516006890415166,0.009270231160265456,0.30103036485848955,0.07708175995068578,1.9268420073611445,0.041516006890415166,0.005457248691199165,0.2924036233536655,4.430883349763217,2.6047651554272306
0.041564620481621746,0.00926905224915351,0.30102964683454503,0.07706047548769716,1.9268059705141756,0.041564620481621746,0.005457086275319045,0.29239918655360336,4.405748977544989,2.6060243599435684
0.041613234072828326,0.009267875153639433,0.30102888910928227,0.0770392159595819,1.926770162309603,0.041613234072828326,0.005456922477030553,0.2924000299903604,4.459577058014458,2.603328017500805
0.0416618476640349,0.009266699978040324,0.30102809151167725,0.0770179819857816,1.92673458192979,0.0416618476640349,0.005456786797894881,0.2923997672329369,4.502348938139861,2.599625488272877
0.04171046125524147,0.009265526922668932,0.30102725425323174,0.0769967737885042,1.9266992266496277,0.04171046125524147,0.005456623665447583,0.2923627809056668,4.508055455401761,2.5919774459216667
0.04175907484644805,0.009264356274357266,0.30102637792287945,0.07697559116095329,1.9266640916748718,0.04175907484644805,0.0054564191891463545,0.2923255277725325,4.520395713026608,2.5894182174754827
0.04180768843765462,0.00926318837445311,0.30102546340074515,0.0769544335611895,1.9266291706881524,0.04180768843765462,0.005456247683416633,0.29230340024990525,4.540665574646687,2.5862090686637362
0.041856302028861196,0.009262023553705034,0.30102451165095334,0.07693330045197946,1.9265944578489178,0.041856302028861196,0.005456086471145572,0.2922851236925688,4.562151981065743,2.582952426722179
0.04190491562006777,0.009260861985013634,0.3010235232252136,0.07691219226314851,1.9265599536466114,0.04190491562006777,0.005455931457005717,0.2922687637387814,4.583677719582191,2.5797568455021644
0.04195352921127435,0.009259703130649145,0.3010224963969814,0.07689111394064688,1.926525687165096,0.04195352921127435,0.005455781025290711,0.29225357574429345,4.604781268373778,2.5766619078474076
0.04200214280248092,0.009258546827151727,0.30102142981808466,0.07687008487800173,1.9264917728219038,0.04200214280248092,0.005455634449542666,0.2922391911936351,4.625214401617992,2.57368467733125
0.042050756393687494,0.00925740792813619,0.30102037374435364,0.07684901068229728,1.9264576087907657,0.042050756393687494,0.005455491031843066,0.29222538590620795,4.6453880573329815,2.5708000228306642
0.042099369984894074,0.009256264610443486,0.3010192608837459,0.07682793383792644,1.9264234966249336,0.042099369984894074,0.005455350430825019,0.2922120311996457,4.664778065882417,2.568037943766948
0.04214798357610065,0.00925512581865341,0.3010181164839716,0.07680688932676409,1.9263896212995926,0.04214798357610065,0.0054552128068963346,0.29219904584340317,4.6832972574537814,2.5653972039866058
0.042196597167307226,0.00925399126209573,0.30101694078030017,0.07678586767427016,1.9263559226704419,0.042196597167307226,0.005455077954289401,0.2921863639729911,4.701012651699046,2.5628680984701666
0.0422452107585138,0.009252860704525974,0.30101573373055773,0.07676486781840057,1.9263223903382731,0.0422452107585138,0.005454945772794302,0.29217393889965465,4.717947260714261,2.560443412358914
0.04229382434972037,0.009251733867480268,0.3010144950467328,0.07674389123189185,1.9262890287939,0.04229382434972037,0.0054548161988724414,0.2921617356306795,4.7341188266463385,2.558116160658904
0.04234243794092695,0.009250610418953671,0.3010132242207628,0.07672294053720137,1.9262558492356996,0.04234243794092695,0.005454689186784642,0.29214972706178466,4.749545970231586,2.5558793399750113
0.042391051532133524,0.009249489987885322,0.30101192056955817,0.07670201905931708,1.9262228669367734,0.042391051532133524,0.005454564700314837,0.2921378916610576,4.764249061294361,2.5537259679006845
0.042439665123340096,0.009248372182597577,0.30101058327448355,0.076681130616043,1.9261901000235773,0.042439665123340096,0.005454442707883045,0.2921262119626483,4.778250092744718,2.551649163844096
0.042488278714546676,0.009247256610908389,0.30100921141862547,0.0766602793924916,1.926157568755642,0.042488278714546676,0.005454323179213733,0.2921146735448254,4.791572371821762,2.549642220906462
0.042536892305753256,0.00924614290150072,0.3010078040252581,0.0766394698577918,1.9261252950561567,0.042536892305753256,0.00545420608268719,0.292103264314876,4.804240221736148,2.547698666888198
0.04258550589695983,0.009245030725603615,0.3010063600984548,0.07661870670849497,1.9260933022021647,0.04258550589695983,0.0054540913831659064,0.2920919739974928,4.816278731434397,2.5458123114340743
0.0426341194881664,0.009243919817121523,0.3010048786644913,0.07659799482723854,1.9260616146067566,0.0426341194881664,0.005453979040006127,0.29208079375669455,4.827713536940266,2.543977282452841
0.042682733079372974,0.009242809988299346,0.30100335880966583,0.07657733923957537,1.9260302575929478,0.042682733079372974,0.0054538690053700795,0.2920697159117516,4.83857065374899,2.542188053793287
0.042731346670579554,0.00924170113721085,0.30100179970816726,0.07655674504281243,1.9259992570057791,0.042731346670579554,0.005453761222886092,0.2920587337208366,4.848876334651854,2.5404394646504067
0.042779960261786126,0.009240593243063373,0.30100020063228444,0.07653621727103026,1.925968638450978,0.042779960261786126,0.0054536556269647015,0.292047841211063,4.858656959173361,2.538726732844322
0.0428285738529927,0.009239486346262642,0.30099856093895017,0.07651576065741203,1.9259384259325798,0.0428285738529927,0.005453552142985003,0.29203703305150913,4.867938954292964,2.5370454631959563
0.04287718744419928,0.009238380513097423,0.30099688003282044,0.07649537926305416,1.9259086397087417,0.04287718744419928,0.005453450688740747,0.29202630445578115,4.876748756724473,2.535391652055553
0.04292580103540585,0.009237275789837428,0.3009951573168512,0.07647507596482118,1.925879293326128,0.04292580103540585,0.005453351177191707,0.2920156511200563,4.885112835803183,2.5337616918494734
0.042974414626612424,0.009236172156318083,0.30099339215244886,0.07645485182445733,1.9258503899673456,0.042974414626612424,0.005453253520393667,0.29200506917974733,4.8930578171892565,2.5321523759099804
0.043023028217819004,0.009235069490767779,0.300991583853509,0.07643470537406145,1.9258219183216962,0.043023028217819004,0.005453157633839131,0.2919945551939557,4.900610817419497,2.530560914794563
0.043071641809025576,0.009233967551104567,0.3009897317220508,0.076414631808581,1.9257938479180865,0.043071641809025576,0.0054530634399223695,0.2919841061360032,4.907800210280832,2.528984979588297
0.043120255400232156,0.009232865970146673,0.30098783512034955,0.07639462196471489,1.9257661231713818,0.043120255400232156,0.005452970868653536,0.29197371936370137,4.914657232523735,2.5274228004929333
0.04316886899143873,0.009231764383374447,0.3009858939183748,0.07637466133545505,1.9257386573064037,0.04316886899143873,0.005452879855231539,0.2919633925680325,4.921218760599327,2.525873365555071
0.0432174825826453,0.009230664442380403,0.3009839140483499,0.07635473690790676,1.925711369040178,0.0432174825826453,0.005453688654831384,0.29199241147924904,1.7074122217815524,2.0867334316114263
0.04326609617385188,0.009229581069513574,0.3009819371471898,0.07633489653894242,1.9256845152618605,0.04326609617385188,0.005453570982131923,0.2907528296984209,1.8937401775636467,2.1006790360267997
0.043314709765058454,0.009228510961973515,0.3009799477782318,0.07631522343284862,1.9256586122145818,0.043314709765058454,0.005453512769804239,0.29198046197116767,1.7215899329343949,2.0877307393788787
0.04336332335626503,0.009227411420815736,0.3009778232450055,0.07629564238424864,1.9256333125034373,0.04336332335626503,0.00545342727499033,0.291974542822611,1.7281195014214774,2.0882140378721576
0.0434119369474716,0.009226306353293854,0.3009756414825817,0.0762760629624068,1.9256080175372194,0.0434119369474716,0.005453343347446219,0.291968658475923,1.7344434564822278,2.0886961646563598
0.04346055053867818,0.009225207757800674,0.30097343960032524,0.07625647002587803,1.9255826134304483,0.04346055053867818,0.005453186342717528,0.2907620545147098,1.9835614293073967,2.1070040011870614
0.04350916412988476,0.009224115746978052,0.3009712177347726,0.0762368673744013,1.9255571300204588,0.04350916412988476,0.005452289203102976,0.2918927835547837,4.958883922056281,2.515162131975534
0.04355777772109133,0.009223030081323596,0.30096897510551957,0.07621725549089287,1.925531578306207,0.04355777772109133,0.005453410358015324,0.2906416678583947,1.276327230358177,2.0690039165337986
0.043606391312297904,0.00922195100629144,0.30096671248327056,0.07619763203764862,1.925505951288359,0.043606391312297904,0.005452135719052757,0.2918731601851109,4.9677058727639425,2.512127106337334
0.04365500490350448,0.009220879018340929,0.3009644313823925,0.07617799331949325,1.925480233243663,0.04365500490350448,0.005452061721928605,0.2918634467090516,4.97188551447046,2.510612746218571
0.043703618494711056,0.009219814685634563,0.3009621334632475,0.0761583350608603,1.9254544046668487,0.043703618494711056,0.0054519896049530355,0.2918538010099474,4.975926025141668,2.509100177759274
0.04375223208591763,0.00921875852977437,0.3009598201408738,0.07613865282175468,1.9254284447853478,0.04375223208591763,0.005451919401738161,0.2918442247353982,4.979839175244968,2.5075893799635804
0.0438008456771242,0.00921771092869696,0.3009574922627129,0.07611894228842167,1.925402333134623,0.0438008456771242,0.005451851139575993,0.2918347193492493,4.9836367007365725,2.506080466156125
0.04384945926833078,0.009216672020667121,0.30095514978401494,0.07609919955346428,1.925376050926096,0.04384945926833078,0.0054517848358595815,0.2918252859957195,4.987330185700588,2.5045736692981273
0.043898072859537354,0.009215641605352579,0.3009527914201539,0.0760794214307399,1.9253495825216285,0.043898072859537354,0.005451720493327243,0.2918159253361115,4.990931043026383,2.503069336346111
0.04394668645074393,0.009214619051281885,0.300950414296497,0.07605960580095478,1.925322917059601,0.04394668645074393,0.005451658094070347,0.29180663735365814,4.994450524812567,2.5015679241344846
0.04399530004195051,0.009213603231070096,0.30094801365562923,0.07603975194169967,1.9252960500666412,0.04399530004195051,0.005451597592560083,0.29179742115470464,4.997899762555947,2.5000699989301207
0.04404391363315708,0.009212592513111031,0.3009455827111451,0.0760198607622079,1.9252689847161912,0.04404391363315708,0.005451538908318617,0.2917882747908143,5.001289819245916,2.498576239069751
0.04409252722436366,0.00921158483426151,0.30094311273807195,0.07599993485699667,1.9252417323441178,0.04409252722436366,0.005451481919314967,0.2917791951430909,5.004631725484193,2.4970874351219394
0.04414114081557023,0.009210577856864516,0.300940593443986,0.07597997832926104,1.9252143119667677,0.04414114081557023,0.005451426457556828,0.29177017790540566,5.007936515522741,2.495604491477784
0.044189754406776804,0.009209569179474894,0.3009380135771424,0.07595999641379615,1.9251867488818641,0.044189754406776804,0.0054513723080670175,0.2917612176818821,5.011215253488548,2.4941284269333077
0.044238367997983384,0.009208556541217088,0.3009353616381664,0.07593999501328612,1.9251590728048802,0.044238367997983384,0.0054513192118141075,0.2917523081941346,5.014479085039636,2.492660380061796
0.044286981589189964,0.009207537956844087,0.30093262652812847,0.075919980300097,1.925131316182744,0.044286981589189964,0.005451266871861348,0.29174344254051127,5.017739311552424,2.491201618500369
0.04433559518039653,0.009206511750130146,0.30092979801475583,0.0758999584989488,1.925103513190238,0.04433559518039653,0.0054512149606612305,0.29173461345916807,5.021007523722371,2.4897535585750927
0.04438420877160311,0.009205476499004696,0.30092686699589416,0.0758799358800332,1.9250756995608649,0.04438420877160311,0.005451163125545592,0.2917258135293566,5.024295806334261,2.4883177982318365
0.04443282236280968,0.009204430937860499,0.30092382561635744,0.07585991891408635,1.925047913087225,0.04443282236280968,0.005451110989213341,0.2917170352797468,5.02761706577122,2.4868961720860563
0.04448143595401626,0.009203373866317784,0.3009206673106678,0.07583991450912178,1.9250201945123335,0.04448143595401626,0.005451058142473989,0.2917082711959362,5.03098549343655,2.485490834701862
0.04453004954522283,0.009202304096430016,0.3009173868104292,0.07581993025823705,1.924992588590154,0.04453004954522283,0.005451004126683749,0.2916995136564643,5.0344172349144145,2.4841043848232887
0.04457866313642941,0.009201220446755231,0.3009139801098484,0.07579997464870801,1.92496514515822,0.04457866313642941,0.005450948403399934,0.2916907548700238,5.037931358656207,2.4827400537181146
0.04462727672763598,0.009200121771207328,0.3009104443553862,0.07578005719311574,1.924937920029513,0.04462727672763598,0.005450890308244806,0.29168198698853176,5.041551285616291,2.481401992430997
0.04467589031884256,0.009199006997159231,0.30090677762623186,0.07576018844671123,1.9249109754235096,0.04467589031884256,0.005450828984898581,0.2916732027682186,5.045306981666109,2.4800957248492455
0.04472450391004914,0.009197875144278002,0.3009029785972421,0.07574037988674846,1.924884379654149,0.04472450391004914,0.005450763293194426,0.29166439761762003,5.049238463091021,2.4788288901596442
0.044773117501255705,0.00919672530490936,0.3008990461141334,0.07572064365983942,1.9248582059690684,0.044773117501255705,0.005450691682554333,0.2916555749787465,5.053401690367582,2.4776125182104907
0.044821731092462284,0.00919555658393028,0.3008949787432546,0.07570099223810359,1.9248325307048688,0.044821731092462284,0.0054506120212913555,0.29164675986506355,5.057879032551419,2.4764633476120927
0.04487034468366886,0.009194368011681626,0.30089077436997014,0.07568143804015655,1.9248074311022176,0.04487034468366886,0.005450521386727017,0.291638033328943,5.062798917533842,2.4754083032358833
0.04491895827487544,0.009193158449896634,0.30088642990346964,0.07566199304127262,1.9247829830131438,0.04491895827487544,0.005450415910670818,0.2916296254320229,5.068375837150033,2.4744939246461533
0.04496757186608201,0.009191926505508615,0.30088194110555727,0.07564266827337013,1.9247592580730803,0.04496757186608201,0.005450291226916955,0.2916221915129259,5.075000093308091,2.4738084549474815
0.04501618545728859,0.009190670447284104,0.30087730246782385,0.07562347258747293,1.9247363170438674,0.04501618545728859,0.005450146486295109,0.2916177643355149,5.083467970027983,2.473541827017422
0.045064799048495155,0.00918980263497308,0.3009195122720149,0.08088665982148498,1.9223975741977124,0.045064799048495155,0.005440769624471292,0.2921365975391064,3.0492838607947774e7,55.63148652703975
0.045113412639701735,0.009189437646066405,0.3009226130388176,0.0808573776197128,1.922347306339963,0.045113412639701735,0.005441061752276481,0.29168470496462917,255649.58284208106,16.48503800766529
0.04516202623090831,0.009189074132892685,0.3009256757832876,0.08082814846750162,1.9222973389681874,0.04516202623090831,0.005442112756820925,0.29181921478760126,38622.7500129352,8.520526650817516
0.04521063982211489,0.009188712227802029,0.30092870169257896,0.08079897278362838,1.9222476722306083,0.04521063982211489,0.005442251740959321,0.29180024865019255,12911.152599605724,6.203376475033124
0.04525925341332147,0.009188352092997891,0.30093169225312355,0.0807698506927685,1.922198304535698,0.04525925341332147,0.005442355727305691,0.2917880167574322,5782.433498203265,4.969468169708336
0.04530786700452803,0.009187993888029137,0.3009346489661333,0.08074078227005638,1.9221492339417017,0.04530786700452803,0.005442427503125567,0.291780762118158,3333.213268362177,4.50091236169399
0.04535648059573461,0.009187637763756942,0.300937573293114,0.08071176758166804,1.9221004584235297,0.04535648059573461,0.005442469449540874,0.2917769776393133,2149.936807064158,4.212843526005622
0.045405094186941185,0.0091872838605735,0.3009404666384254,0.08068280669285348,1.9220519759540422,0.045405094186941185,0.005442502673591811,0.29177409132469584,1332.4685047449402,3.7082169227990414
0.045453707778147764,0.009186932307910862,0.3009433303431344,0.08065389966721409,1.9220037845306555,0.045453707778147764,0.005442532498295064,0.29177075137320685,863.7007142994034,3.3222094410120238
0.04550232136935433,0.009186583224274267,0.3009461656834181,0.0806250465633695,1.9219558821803522,0.04550232136935433,0.0054425590246020405,0.2917668017165414,612.1738162492295,3.115475110216369
0.04555093496056091,0.00918623671752676,0.3009489738711335,0.0805962474312975,1.9219082669570118,0.04555093496056091,0.005442583337967565,0.2917627901310199,458.6918591585182,2.9869443771412416
0.04559954855176748,0.009185892885316177,0.3009517560555677,0.08056750230896098,1.9218609369348365,0.04559954855176748,0.00544260593033637,0.29175897701931086,353.87483915281314,2.8866764101130147
0.045648162142974055,0.009185551815572332,0.3009545133257267,0.08053881121950594,1.9218138902008373,0.045648162142974055,0.005442626750916309,0.2917553081860784,279.0409222754853,2.804193124327939
0.045696775734180635,0.009185213587060337,0.3009572467130455,0.08051017416905679,1.921767124846817,0.045696775734180635,0.005442645771765565,0.2917517004790576,224.50228615922336,2.7373317312221
0.045745389325387215,0.009184878269950932,0.3009599571941769,0.08048159114512964,1.9217206389626598,0.045745389325387215,0.0054426629860682574,0.2917480861474802,183.88337083382186,2.6831648908550694
0.04579400291659378,0.009184545926406223,0.30096264569386455,0.08045306211537959,1.9216744306292086,0.04579400291659378,0.005442678411429082,0.2917444239940558,153.1250939445071,2.639823331139603
0.04584261650780036,0.009184216611159424,0.3009653130877417,0.08042458702680724,1.9216284979125116,0.04584261650780036,0.00544269202307281,0.2917406836305918,129.4620546750368,2.6055439033754384
0.04589123009900693,0.009183890372084343,0.30096796020503486,0.08039616580525166,1.921582838858578,0.04589123009900693,0.005442703816480812,0.29173685105901076,110.99341100702334,2.578867902828294
0.04593984369021351,0.009183567250745537,0.3009705878311367,0.08036779835512764,1.9215374514892256,0.04593984369021351,0.005442713878405548,0.2917329305417856,96.36855247291342,2.5584491112719903
0.04598845728142008,0.009183247282925171,0.30097319671002687,0.08033948455939738,1.9214923337984051,0.04598845728142008,0.005442722517079901,0.29172894971138824,84.56688328070832,2.5426339037056866
0.04603707087262666,0.00918293049911669,0.3009757875464916,0.08031122427966227,1.921447483749421,0.04603707087262666,0.005442730283381686,0.2917249484350624,74.81230616989158,2.5295339695707164
0.04608568446383323,0.009182616924989982,0.300978361008207,0.0802830173565404,1.9214028992732821,0.04608568446383323,0.005442737774555081,0.2917209522273399,66.56335257230793,2.5176270009654327
0.04613429805503981,0.009182306581819132,0.3009809177276184,0.0802548636101309,1.921358578267851,0.04613429805503981,0.005442745312058595,0.29171694749686794,59.4891415708689,2.5062745525671595
0.046182911646246376,0.009181999486878973,0.3009834583036738,0.08022676284068249,1.921314518597709,0.046182911646246376,0.005442752884084636,0.2917128908065729,53.394375123443766,2.4955887587113343
0.046231525237452956,0.009181695653807768,0.30098598330339715,0.0801987148294102,1.9212707180952948,0.046231525237452956,0.005442760257807366,0.29170872647607515,48.140480698946966,2.4859134351933174
0.046280138828659535,0.009181395092938876,0.3009884932633235,0.0801707193395212,1.9212271745629685,0.046280138828659535,0.00544276712220447,0.2917044003397477,43.61131854999523,2.4775463152162547
0.04632875241986611,0.00918109781160747,0.3009909886908311,0.08014277611730664,1.921183885775569,0.04632875241986611,0.005442773150143591,0.29169986330250264,39.70382403014435,2.470666577790906
0.04637736601107269,0.00918080381443317,0.30099347006535854,0.08011488489341595,1.9211408494842377,0.04637736601107269,0.005442778027404702,0.2916950725837857,36.326395942089306,2.465342817092195
0.04642597960227926,0.009180513103586963,0.30099593783957845,0.08008704538426757,1.921098063420914,0.04642597960227926,0.005442781468200777,0.2916899926531891,33.3992811966866,2.461571392804603
0.04647459319348584,0.009180225679039367,0.30099839244047233,0.08005925729347375,1.9210555253031072,0.04647459319348584,0.00544278322675422,0.29168459658643964,30.854219833181705,2.459308090754921
0.046523206784692406,0.00917994153880279,0.3010008342703898,0.0800315203133786,1.9210132328396317,0.046523206784692406,0.005442783106008629,0.29167886761261697,28.63365281312138,2.4584937015080937
0.046571820375898985,0.009179660679168901,0.3010032637081023,0.08000383412658303,1.9209711837361585,0.046571820375898985,0.005442780972664941,0.29167280156469166,26.688729294779584,2.459053464494518
0.04662043396710556,0.009179383094935276,0.3010056811098045,0.07997619840738238,1.9209293757007873,0.04662043396710556,0.00544277676899598,0.2916664091603106,24.978578043884774,2.460915333018589
0.04666904755831214,0.009179108779640606,0.30100808681016644,0.07994861282328304,1.9208878064502848,0.04666904755831214,0.005442770524479763,0.2916597181840364,23.46892091040789,2.4640112438021933
0.04671766114951872,0.009178837725794165,0.30101048112335776,0.079921077036259,1.9208464737149178,0.04671766114951872,0.005442762367398751,0.29165277533049616,22.130808683141503,2.468274339256873
0.04676627474072528,0.009178569925105923,0.30101286434409624,0.07989359070392463,1.9208053752433203,0.04676627474072528,0.00544275253342866,0.2916456475603389,20.940045220168336,2.4736479377388703
0.04681488833193186,0.009178305368721147,0.30101523674873126,0.07986615348049263,1.9207645088063707,0.04681488833193186,0.005442741366337765,0.2916384218193216,19.876203232203547,2.4800807380021257
0.046863501923138436,0.00917804404745193,0.3010175985963059,0.07983876501759353,1.9207238722005782,0.046863501923138436,0.005442729318175411,0.29163120433444495,18.922015706309008,2.4875272199217426
0.046912115514345015,0.00917778595200953,0.3010199501296732,0.07981142496473777,1.9206834632497187,0.046912115514345015,0.005442716939693394,0.29162411810526834,18.062883082920866,2.4959483404972076
0.04696072910555158,0.009177531073231042,0.3010222915765859,0.07978413296963945,1.9206432798059534,0.04696072910555158,0.005442704866443194,0.29161729907440986,17.286427676810682,2.5053109578628106
0.04700934269675816,0.009177279402307727,0.3010246231508192,0.07975688867823581,1.9206033197495007,0.04700934269675816,0.005442693800206678,0.291610891581422,16.582057730207154,2.515584611658702
0.04705795628796473,0.009177030930996243,0.3010269450532429,0.07972969173450056,1.9205635809870503,0.04705795628796473,0.005442684484552891,0.29160504251963826,15.940774079357112,2.526744549021875
0.04710656987917131,0.009176785651829805,0.30102925747291986,0.07970254178008153,1.9205240614495898,0.04710656987917131,0.0054426776802717755,0.29159989530641806,15.354889319996719,2.538770261794574
0.047155183470377886,0.00917654355831205,0.3010315605881467,0.07967543845370405,1.9204847590886107,0.047155183470377886,0.005442674138010784,0.29159558363496874,14.817736967377153,2.5516412480216886
0.047203797061584465,0.009176304645097753,0.3010338545674586,0.07964838139050948,1.9204456718719738,0.047203797061584465,0.005442674573319065,0.29159222570524335,14.323603260111327,2.565340508413909
0.047252410652791045,0.009176068908155092,0.30103613957058073,0.07962137022130461,1.9204067977791381,0.047252410652791045,0.005442679643761179,0.2915899190541258,13.86757112003925,2.579853759290725
0.04730102424399761,0.009175836344901924,0.3010384157492763,0.07959440457177483,1.9203681347958013,0.04730102424399761,0.005442689929408002,0.29158873644505506,13.44533281359154,2.5951655526798882
0.04734963783520419,0.00917560695433291,0.30104068324817834,0.07956748406172469,1.9203296809081578,0.04734963783520419,0.005442705916242837,0.29158872261056423,13.05317701015015,2.611263051050422
0.04739825142641076,0.009175380737102173,0.3010429422054461,0.079540608304401,1.9202914340974389,0.04739825142641076,0.005442727988508807,0.2915898931551946,12.687825372598653,2.628131382663116
0.04744686501761734,0.009175157695587851,0.30104519275335945,0.07951377690591127,1.9202533923342775,0.04744686501761734,0.005442756420440607,0.2915922335420985,12.346419922612993,2.6457562445849367
0.04749547860882391,0.009174937833921513,0.30104743501878306,0.07948698946482578,1.9202155535733725,0.04749547860882391,0.0054427913753576215,0.29159570033279086,12.02643785676499,2.6641220536421084
0.04754409220003049,0.009174721157983722,0.30104966912349373,0.07946024557191282,1.9201779157484724,0.04754409220003049,0.005442832909292919,0.29160022300801997,11.725648823018272,2.683211932575803
0.04759270579123706,0.009174507675363871,0.301051895184392,0.07943354481013644,1.9201404767678574,0.04759270579123706,0.005442880976039017,0.291605707116374,11.442053487950515,2.703005911638929
0.04764131938244364,0.009174297395283446,0.30105411331356946,0.07940688675481666,1.920103234510423,0.04764131938244364,0.005442935435913438,0.29161203795491814,11.173866663678156,2.7234816738012264
0.04768993297365022,0.00917409032848132,0.30105632361825524,0.07938027097406716,1.9200661868225435,0.04768993297365022,0.0054429960685268165,0.291619085123985,10.919471955267595,2.744612943394865
0.047738546564856786,0.009173886487061732,0.3010585262006342,0.07935369702946116,1.9200293315153212,0.047738546564856786,0.005443062583422409,0.2916267070756906,10.677410226716125,2.7663700443727732
0.047787160156063366,0.009173685884307578,0.3010607211575403,0.07932716447694975,1.9199926663633564,0.047787160156063366,0.005443134635935322,0.2916347566144171,10.446342715851738,2.788718164792629
0.04783577374726994,0.009173488534452589,0.3010629085800406,0.07930067286792815,1.9199561891035852,0.04783577374726994,0.005443211839960093,0.2916430854901821,10.225022970837822,2.811615782393014
0.04788438733847652,0.009173294452425748,0.3010650885529019,0.07927422175071834,1.9199198974363465,0.04788438733847652,0.00544250828691812,0.2912814997757218,7.107854473492543,3.0328812212654914
0.04793300092968309,0.009173103653562631,0.30106726115395216,0.07924781067198712,1.9198837890261753,0.04793300092968309,0.005443380038629332,0.2916600130985154,9.807145030333396,2.8588683149222742
0.047981614520889664,0.009172916153288573,0.3010694264533145,0.07922143917856121,1.919847861504973,0.047981614520889664,0.0054428203638173436,0.29104093692087113,7.582531437671955,2.9996516250237697
0.048030228112096236,0.009172731966771763,0.30107158451243177,0.0791951068191931,1.9198121124757281,0.048030228112096236,0.00544356379380745,0.2916764625287951,9.415466630013839,2.9076706063932147
0.048078841703302816,0.00917255110856739,0.30107373538291343,0.07916881314635735,1.91977653951699,0.048078841703302816,0.005443000730422959,0.2910748816365253,7.128356612525851,3.051928248909594
0.04812745529450939,0.009172373592216107,0.3010758791048565,0.07914255771794093,1.9197411401886724,0.04812745529450939,0.005442987541227653,0.2912988127939979,6.191396568057644,3.1389645459929407
0.04817606888571597,0.009172199429835173,0.30107801570455034,0.07911634009844724,1.9197059120378541,0.04817606888571597,0.005443092396134498,0.2913003644071399,6.023753574788021,3.160634780726526
0.04822468247692255,0.009172028631656197,0.30108014519094833,0.07909015985961793,1.919670852604657,0.04822468247692255,0.005443199572336433,0.2913009986456813,5.860180298250177,3.1822273247468997
0.048273296068129114,0.009171861205500625,0.30108226755007567,0.07906401657960534,1.9196359594265615,0.048273296068129114,0.005443308892030218,0.29130056840284246,5.7005899492842245,3.203622576561729
0.04832190965933569,0.009171697156128493,0.3010843827359427,0.0790379098401045,1.9196012300403549,0.04832190965933569,0.005443420263075641,0.29129885916628795,5.54529662177402,3.224681874556416
0.048370523250542266,0.00917153648438231,0.30108649065574,0.07901183922001268,1.9195666619792326,0.048370523250542266,0.005443533724859446,0.29129549031870255,5.395351169994995,3.2452253126266544
0.048419136841748846,0.009171379185962083,0.3010885911455324,0.0789858042836546,1.9195322527619854,0.048419136841748846,0.0054436495941926465,0.29128961581319324,5.253563418276676,3.2649562452811915
0.04846775043295541,0.009171225249600519,0.30109068393102073,0.07895980456063773,1.91949799986989,0.04846775043295541,0.005443769233664674,0.2912783854757308,5.1297552455760576,3.283051037437963
0.04851636402416199,0.009171074654273902,0.3010927685652573,0.07893383951311811,1.9194639007040657,0.04851636402416199,0.00544389491670172,0.29125749086028124,5.039243392385159,3.2983652983804514
0.048564977615368564,0.009170927364979002,0.3010948443332407,0.07890790848536988,1.9194299525160334,0.048564977615368564,0.00544400740585982,0.29126406336542954,4.85219667321334,3.321234177874874
